29.425644,3.12974
-40.970264,-18.399218
29.425644,3.12974
-12.841553,-36.44232
29.425644,3.12974
6.236653,-6.255533
-32.090134,-49.499374
29.425644,3.12974
29.425644,3.12974
14.122653,9.443746
29.425644,3.12974
29.425644,3.12974
-21.350433,-61.646072
-23.439642,2.9322755
-14.341823,20.154423
29.425644,3.12974
29.425644,3.12974
29.425644,3.12974
-31.639423,7.1220365
29.425644,3.12974
29.425644,3.12974
29.425644,3.12974
29.425644,3.12974
-40.88757,-18.724962
29.425644,3.12974
29.425644,3.12974
29.425644,3.12974
29.425644,3.12974
29.425644,3.12974
29.425644,3.12974
29.425644,3.12974
29.425644,3.12974
29.425644,3.12974
29.425644,3.12974
29.425644,3.12974
29.425644,3.12974
29.425644,3.12974
-31.268112,-50.823723
29.425644,3.12974
29.425644,3.12974
-15.931808,21.415396
29.425644,3.12974
29.425644,3.12974
29.425644,3.12974
29.425644,3.12974
29.425644,3.12974
29.425644,3.12974
29.425644,3.12974
29.425644,3.12974
29.425644,3.12974
29.425644,3.12974
-27.189487,46.63535
29.425644,3.12974
-62.1781,8.826065
29.425644,3.12974
29.425644,3.12974
-62.20367,9.024624
29.425644,3.12974
29.425644,3.12974
29.425644,3.12974
29.425644,3.12974
29.425644,3.12974
29.425644,3.12974
29.425644,3.12974
29.425644,3.12974
29.425644,3.12974
29.425644,3.12974
29.425644,3.12974
29.425644,3.12974
29.425644,3.12974
29.425644,3.12974
29.425644,3.12974
29.425644,3.12974
29.425644,3.12974
-45.599003,-9.845665
29.425644,3.12974
7.1936817,15.715984
-42.16388,-14.817314
29.425644,3.12974
29.425644,3.12974
29.425644,3.12974
-39.13231,-29.53357
29.425644,3.12974
29.425644,3.12974
29.425644,3.12974
29.425644,3.12974
29.425644,3.12974
29.425644,3.12974
29.425644,3.12974
29.425644,3.12974
29.425644,3.12974
29.425644,3.12974
29.425644,3.12974
29.425644,3.12974
29.425644,3.12974
29.425644,3.12974
9.4067745,-7.0279584
29.425644,3.12974
29.425644,3.12974
29.425644,3.12974
29.425644,3.12974
29.425644,3.12974
-4.28998,-53.315582
-38.729958,-31.30277
29.425644,3.12974
29.425644,3.12974
29.425644,3.12974
29.425644,3.12974
29.425644,3.12974
29.425644,3.12974
-16.83955,21.142595
-4.3044443,-54.639458
29.425644,3.12974
29.425644,3.12974
29.425644,3.12974
29.425644,3.12974
-41.997288,-15.228566
29.425644,3.12974
29.425644,3.12974
29.425644,3.12974
29.425644,3.12974
29.425644,3.12974
29.425644,3.12974
29.425644,3.12974
29.425644,3.12974
29.425644,3.12974
29.425644,3.12974
29.425644,3.12974
29.425644,3.12974
29.425644,3.12974
29.425644,3.12974
29.425644,3.12974
-42.464787,21.310137
12.786888,11.289297
29.425644,3.12974
29.425644,3.12974
29.425644,3.12974
-34.3919,-45.12085
29.425644,3.12974
29.425644,3.12974
29.425644,3.12974
29.425644,3.12974
29.425644,3.12974
29.425644,3.12974
-24.49679,-59.135998
29.425644,3.12974
29.425644,3.12974
29.425644,3.12974
29.425644,3.12974
29.425644,3.12974
29.425644,3.12974
29.425644,3.12974
29.425644,3.12974
29.425644,3.12974
29.425644,3.12974
29.425644,3.12974
29.425644,3.12974
29.425644,3.12974
-18.212103,22.104387
-27.358166,-56.156002
29.425644,3.12974
29.425644,3.12974
29.425644,3.12974
29.425644,3.12974
29.425644,3.12974
29.425644,3.12974
29.425644,3.12974
29.425644,3.12974
29.425644,3.12974
-36.13505,-40.867786
29.425644,3.12974
29.425644,3.12974
-9.810544,13.351946
29.425644,3.12974
29.425644,3.12974
29.425644,3.12974
29.425644,3.12974
-53.730263,-3.576456
29.425644,3.12974
29.425644,3.12974
29.425644,3.12974
-36.770443,-39.033867
29.425644,3.12974
29.425644,3.12974
29.425644,3.12974
29.425644,3.12974
29.425644,3.12974
29.425644,3.12974
29.425644,3.12974
29.425644,3.12974
29.425644,3.12974
29.425644,3.12974
29.425644,3.12974
29.425644,3.12974
29.425644,3.12974
29.425644,3.12974
29.425644,3.12974
29.425644,3.12974
29.425644,3.12974
17.541752,-41.863537
29.425644,3.12974
29.425644,3.12974
29.425644,3.12974
29.425644,3.12974
29.425644,3.12974
29.425644,3.12974
29.425644,3.12974
29.425644,3.12974
29.425644,3.12974
-49.64105,-6.5269065
29.425644,3.12974
29.425644,3.12974
29.425644,3.12974
-42.233177,-14.65235
29.425644,3.12974
29.425644,3.12974
29.425644,3.12974
29.425644,3.12974
29.425644,3.12974
29.425644,3.12974
29.425644,3.12974
-17.90521,3.368802
29.425644,3.12974
29.425644,3.12974
-5.6884847,-39.33669
-15.835238,21.162502
29.425644,3.12974
29.425644,3.12974
-19.914654,22.807196
-32.194008,-49.32594
29.425644,3.12974
29.425644,3.12974
29.425644,3.12974
-34.245766,-45.435154
29.425644,3.12974
29.425644,3.12974
29.425644,3.12974
29.425644,3.12974
29.425644,3.12974
29.425644,3.12974
29.425644,3.12974
29.425644,3.12974
29.425644,3.12974
29.425644,3.12974
29.425644,3.12974
29.425644,3.12974
29.425644,3.12974
29.425644,3.12974
-4.0897374,-41.031715
29.425644,3.12974
29.425644,3.12974
-62.24222,9.224546
29.425644,3.12974
29.425644,3.12974
29.425644,3.12974
29.425644,3.12974
29.425644,3.12974
29.425644,3.12974
29.425644,3.12974
29.425644,3.12974
29.425644,3.12974
29.425644,3.12974
29.425644,3.12974
29.425644,3.12974
29.425644,3.12974
29.425644,3.12974
29.425644,3.12974
29.425644,3.12974
29.425644,3.12974
29.425644,3.12974
29.425644,3.12974
29.425644,3.12974
29.425644,3.12974
29.425644,3.12974
29.425644,3.12974
29.425644,3.12974
29.425644,3.12974
29.425644,3.12974
29.425644,3.12974
29.425644,3.12974
29.425644,3.12974
29.425644,3.12974
29.425644,3.12974
29.425644,3.12974
29.425644,3.12974
29.425644,3.12974
-16.30791,0.8437643
29.425644,3.12974
29.425644,3.12974
29.425644,3.12974
29.425644,3.12974
29.425644,3.12974
29.425644,3.12974
29.425644,3.12974
29.425644,3.12974
29.425644,3.12974
29.425644,3.12974
29.425644,3.12974
29.425644,3.12974
29.425644,3.12974
29.425644,3.12974
29.425644,3.12974
29.425644,3.12974
29.425644,3.12974
29.425644,3.12974
29.425644,3.12974
-21.15377,23.83408
36.803288,-51.529373
29.425644,3.12974
29.425644,3.12974
29.425644,3.12974
29.425644,3.12974
29.425644,3.12974
29.425644,3.12974
29.425644,3.12974
-54.552593,-2.9312465
29.425644,3.12974
29.425644,3.12974
-29.08423,-54.005108
29.425644,3.12974
29.425644,3.12974
29.425644,3.12974
29.425644,3.12974
29.425644,3.12974
29.425644,3.12974
29.425644,3.12974
29.425644,3.12974
29.425644,3.12974
29.425644,3.12974
29.425644,3.12974
29.425644,3.12974
29.425644,3.12974
29.425644,3.12974
29.425644,3.12974
29.425644,3.12974
-10.026163,-41.47087
29.425644,3.12974
-22.278555,2.7659085
29.425644,3.12974
-61.94357,7.891688
-4.969856,-58.57844
29.425644,3.12974
29.425644,3.12974
29.425644,3.12974
29.425644,3.12974
29.425644,3.12974
29.425644,3.12974
29.425644,3.12974
29.425644,3.12974
29.425644,3.12974
-11.181722,13.871081
29.425644,3.12974
-19.115305,8.579942
29.425644,3.12974
29.425644,3.12974
29.425644,3.12974
29.425644,3.12974
29.425644,3.12974
29.425644,3.12974
-17.05988,21.758312
29.425644,3.12974
29.425644,3.12974
29.425644,3.12974
-40.957962,-18.444342
29.425644,3.12974
29.425644,3.12974
29.425644,3.12974
29.425644,3.12974
29.425644,3.12974
-33.109943,-47.673626
29.425644,3.12974
29.425644,3.12974
29.425644,3.12974
-22.59203,4.8289948
29.425644,3.12974
29.425644,3.12974
-21.485676,5.7479258
29.425644,3.12974
29.425644,3.12974
29.425644,3.12974
29.425644,3.12974
-14.177304,-11.091544
21.897852,21.800264
29.425644,3.12974
29.425644,3.12974
29.425644,3.12974
29.425644,3.12974
29.425644,3.12974
29.425644,3.12974
29.425644,3.12974
29.425644,3.12974
29.425644,3.12974
29.425644,3.12974
-58.06108,0.3353564
29.425644,3.12974
29.425644,3.12974
29.425644,3.12974
29.425644,3.12974
-12.815224,15.411427
29.425644,3.12974
-4.302362,-53.320152
-11.079298,-41.128807
29.425644,3.12974
29.425644,3.12974
29.425644,3.12974
29.425644,3.12974
29.425644,3.12974
29.425644,3.12974
29.425644,3.12974
29.425644,3.12974
29.425644,3.12974
29.425644,3.12974
29.425644,3.12974
29.425644,3.12974
29.425644,3.12974
-31.408514,43.999897
29.425644,3.12974
29.425644,3.12974
29.425644,3.12974
29.425644,3.12974
29.425644,3.12974
29.425644,3.12974
-11.146328,15.161418
29.425644,3.12974
29.425644,3.12974
-9.206258,-45.59336
29.425644,3.12974
-42.05042,19.993526
-41.31477,-17.196503
29.425644,3.12974
29.425644,3.12974
29.425644,3.12974
29.425644,3.12974
29.425644,3.12974
-47.507126,-8.148777
29.425644,3.12974
-41.40282,-16.907133
29.425644,3.12974
29.425644,3.12974
29.425644,3.12974
29.425644,3.12974
-16.487656,21.610073
29.425644,3.12974
29.425644,3.12974
29.425644,3.12974
29.425644,3.12974
29.425644,3.12974
-37.66829,-36.03376
29.425644,3.12974
29.425644,3.12974
29.425644,3.12974
29.425644,3.12974
29.425644,3.12974
-5.783061,-50.356735
29.425644,3.12974
29.425644,3.12974
-4.9802985,-58.547134
29.425644,3.12974
29.425644,3.12974
-38.90388,-30.55853
29.425644,3.12974
-40.971203,-18.395689
29.425644,3.12974
29.425644,3.12974
-13.803382,18.199862
29.425644,3.12974
29.425644,3.12974
29.425644,3.12974
-57.144638,-0.5874688
29.425644,3.12974
29.425644,3.12974
29.425644,3.12974
29.425644,3.12974
-27.26267,-56.27172
29.425644,3.12974
29.425644,3.12974
29.425644,3.12974
-30.41034,-52.14748
-4.861833,-47.851475
29.425644,3.12974
29.425644,3.12974
29.425644,3.12974
29.425644,3.12974
29.425644,3.12974
-4.3044443,-54.639458
29.425644,3.12974
29.425644,3.12974
29.425644,3.12974
29.425644,3.12974
29.425644,3.12974
29.425644,3.12974
29.425644,3.12974
29.425644,3.12974
29.425644,3.12974
4.5225387,16.931723
29.425644,3.12974
29.425644,3.12974
29.425644,3.12974
29.425644,3.12974
29.425644,3.12974
-56.899834,-0.84887034
29.425644,3.12974
-17.061043,21.762827
29.425644,3.12974
29.425644,3.12974
29.425644,3.12974
29.425644,3.12974
29.425644,3.12974
29.425644,3.12974
29.425644,3.12974
29.425644,3.12974
29.425644,3.12974
29.425644,3.12974
29.425644,3.12974
29.425644,3.12974
29.425644,3.12974
29.425644,3.12974
29.425644,3.12974
-49.63477,-6.5313344
29.425644,3.12974
29.425644,3.12974
-35.22366,9.88657
-40.217354,-22.247719
14.536481,16.842426
29.425644,3.12974
-38.133232,-34.124084
-21.381727,-61.62547
29.425644,3.12974
9.075944,3.4228778
29.425644,3.12974
29.425644,3.12974
18.151627,19.359995
29.425644,3.12974
29.425644,3.12974
29.425644,3.12974
29.425644,3.12974
29.425644,3.12974
29.425644,3.12974
29.425644,3.12974
29.425644,3.12974
29.425644,3.12974
29.425644,3.12974
29.425644,3.12974
29.425644,3.12974
-9.578062,19.759571
29.425644,3.12974
-9.599534,-9.99017
29.425644,3.12974
29.425644,3.12974
29.425644,3.12974
29.425644,3.12974
29.425644,3.12974
29.425644,3.12974
29.425644,3.12974
29.425644,3.12974
29.425644,3.12974
-26.058258,-57.576454
29.425644,3.12974
29.425644,3.12974
29.425644,3.12974
29.425644,3.12974
15.990976,22.54699
29.425644,3.12974
29.425644,3.12974
-19.944359,23.53102
29.425644,3.12974
29.425644,3.12974
29.425644,3.12974
29.425644,3.12974
29.425644,3.12974
-7.698053,-62.782696
29.425644,3.12974
29.425644,3.12974
-29.78272,-53.047997
29.425644,3.12974
29.425644,3.12974
29.425644,3.12974
29.425644,3.12974
29.425644,3.12974
29.425644,3.12974
29.425644,3.12974
29.425644,3.12974
29.425644,3.12974
29.425644,3.12974
-23.891624,-16.586622
29.425644,3.12974
29.425644,3.12974
37.44866,-50.681847
29.425644,3.12974
29.425644,3.12974
29.425644,3.12974
29.425644,3.12974
29.425644,3.12974
29.425644,3.12974
29.425644,3.12974
29.425644,3.12974
29.425644,3.12974
29.425644,3.12974
19.17601,-56.892162
29.425644,3.12974
29.425644,3.12974
-10.949188,14.773681
-47.600002,-8.073208
29.425644,3.12974
29.425644,3.12974
-2.5199902,-41.141453
29.425644,3.12974
29.425644,3.12974
29.425644,3.12974
-19.154125,-13.741764
29.425644,3.12974
29.425644,3.12974
29.425644,3.12974
29.425644,3.12974
29.425644,3.12974
29.425644,3.12974
29.425644,3.12974
29.425644,3.12974
29.425644,3.12974
-44.657883,-10.833578
-42.97167,23.34193
-15.441883,4.015602
29.425644,3.12974
-27.331837,-56.191494
29.425644,3.12974
-62.291286,9.973223
29.425644,3.12974
-41.520893,-16.532742
29.425644,3.12974
29.425644,3.12974
29.425644,3.12974
29.425644,3.12974
29.425644,3.12974
-18.88602,4.164386
29.425644,3.12974
29.425644,3.12974
29.425644,3.12974
29.425644,3.12974
29.425644,3.12974
29.425644,3.12974
29.425644,3.12974
-36.780476,-39.00135
29.425644,3.12974
29.425644,3.12974
29.425644,3.12974
-40.22413,-22.20613
29.425644,3.12974
29.425644,3.12974
16.156887,-12.316917
29.425644,3.12974
-59.859768,2.9416676
29.425644,3.12974
29.425644,3.12974
29.425644,3.12974
29.425644,3.12974
29.425644,3.12974
29.425644,3.12974
-11.72752,14.787289
-62.132427,8.648946
-52.45014,-4.52869
-50.156696,-6.1603165
29.425644,3.12974
29.425644,3.12974
29.425644,3.12974
29.425644,3.12974
29.425644,3.12974
29.425644,3.12974
29.425644,3.12974
-42.85583,28.537506
29.425644,3.12974
29.425644,3.12974
29.425644,3.12974
29.425644,3.12974
29.425644,3.12974
29.425644,3.12974
-36.762352,-39.060387
29.425644,3.12974
-20.308123,-62.304638
29.425644,3.12974
29.425644,3.12974
29.425644,3.12974
29.425644,3.12974
-9.380302,16.280125
29.425644,3.12974
29.425644,3.12974
29.425644,3.12974
29.425644,3.12974
29.425644,3.12974
-14.308073,3.6877675
29.425644,3.12974
29.425644,3.12974
29.425644,3.12974
29.425644,3.12974
29.425644,3.12974
29.425644,3.12974
29.425644,3.12974
29.425644,3.12974
29.425644,3.12974
29.425644,3.12974
29.425644,3.12974
-21.994614,24.25786
29.425644,3.12974
29.425644,3.12974
29.425644,3.12974
29.425644,3.12974
29.425644,3.12974
29.425644,3.12974
29.425644,3.12974
29.425644,3.12974
-8.215065,-41.588097
-16.606537,20.702868
29.425644,3.12974
29.425644,3.12974
29.425644,3.12974
29.425644,3.12974
-19.584583,22.69908
29.425644,3.12974
11.425037,19.838585
29.425644,3.12974
29.425644,3.12974
-7.2208247,17.606031
29.425644,3.12974
29.425644,3.12974
29.425644,3.12974
29.425644,3.12974
29.425644,3.12974
29.425644,3.12974
29.425644,3.12974
29.425644,3.12974
29.425644,3.12974
29.425644,3.12974
-20.846745,-61.973804
29.425644,3.12974
-43.08031,23.977331
29.425644,3.12974
29.425644,3.12974
29.425644,3.12974
29.425644,3.12974
29.425644,3.12974
29.425644,3.12974
29.425644,3.12974
29.425644,3.12974
29.425644,3.12974
29.425644,3.12974
29.425644,3.12974
29.425644,3.12974
29.425644,3.12974
29.425644,3.12974
29.425644,3.12974
29.425644,3.12974
29.425644,3.12974
29.425644,3.12974
-40.871788,-18.795025
29.425644,3.12974
-4.742197,-41.11287
29.425644,3.12974
29.425644,3.12974
29.425644,3.12974
-54.38962,-3.0652964
29.425644,3.12974
29.425644,3.12974
29.425644,3.12974
-32.742516,-48.344906
29.425644,3.12974
29.425644,3.12974
29.425644,3.12974
29.425644,3.12974
29.425644,3.12974
29.425644,3.12974
29.425644,3.12974
29.425644,3.12974
-44.61321,-10.88513
29.425644,3.12974
29.425644,3.12974
29.425644,3.12974
38.085136,-49.954144
9.108944,10.405404
29.425644,3.12974
29.425644,3.12974
29.425644,3.12974
-61.2007,5.532023
29.425644,3.12974
29.425644,3.12974
29.425644,3.12974
29.425644,3.12974
29.425644,3.12974
29.425644,3.12974
29.425644,3.12974
29.425644,3.12974
29.425644,3.12974
29.425644,3.12974
29.425644,3.12974
29.425644,3.12974
-4.3645067,-54.013813
29.425644,3.12974
29.425644,3.12974
-59.79274,2.828329
29.425644,3.12974
29.425644,3.12974
29.425644,3.12974
29.425644,3.12974
-4.221262,-53.954414
29.425644,3.12974
29.425644,3.12974
-41.09532,-17.946823
29.425644,3.12974
29.425644,3.12974
29.425644,3.12974
29.425644,3.12974
29.425644,3.12974
-1.8214842,9.753155
29.425644,3.12974
29.425644,3.12974
29.425644,3.12974
-38.743893,-31.239502
29.425644,3.12974
-11.832604,-64.94642
29.425644,3.12974
-52.90059,-4.20192
29.425644,3.12974
29.425644,3.12974
29.425644,3.12974
29.425644,3.12974
-35.763943,40.24943
29.425644,3.12974
29.425644,3.12974
29.425644,3.12974
-43.391705,-12.553012
-23.501766,3.3782642
29.425644,3.12974
29.425644,3.12974
29.425644,3.12974
29.425644,3.12974
-40.288692,16.552328
-17.554615,6.8714843
29.425644,3.12974
2.8825665,1.9617642
29.425644,3.12974
29.425644,3.12974
-58.609135,1.068372
29.425644,3.12974
29.425644,3.12974
29.425644,3.12974
-58.733215,1.2330234
29.425644,3.12974
29.425644,3.12974
29.425644,3.12974
29.425644,3.12974
29.425644,3.12974
47.30926,-37.251842
29.425644,3.12974
29.425644,3.12974
29.425644,3.12974
29.425644,3.12974
29.425644,3.12974
29.425644,3.12974
29.425644,3.12974
29.425644,3.12974
29.425644,3.12974
29.425644,3.12974
29.425644,3.12974
29.425644,3.12974
29.425644,3.12974
-36.57831,11.355361
-38.382717,-32.895374
29.425644,3.12974
29.425644,3.12974
29.425644,3.12974
29.425644,3.12974
29.425644,3.12974
-15.882682,19.327068
29.425644,3.12974
29.425644,3.12974
29.425644,3.12974
2.3078163,19.119421
29.425644,3.12974
-62.285652,9.991947
29.425644,3.12974
29.425644,3.12974
29.425644,3.12974
-61.13063,5.338781
6.128202,2.7110324
29.425644,3.12974
29.425644,3.12974
29.425644,3.12974
29.425644,3.12974
29.425644,3.12974
29.425644,3.12974
29.425644,3.12974
-6.6023755,5.460195
29.425644,3.12974
-32.40362,7.6124105
29.425644,3.12974
29.425644,3.12974
29.425644,3.12974
29.425644,3.12974
29.425644,3.12974
29.425644,3.12974
29.425644,3.12974
-33.870823,42.012356
-38.629215,-31.761423
29.425644,3.12974
29.425644,3.12974
29.425644,3.12974
29.425644,3.12974
-11.4994135,-41.82178
-5.318424,-59.390438
29.425644,3.12974
29.425644,3.12974
29.425644,3.12974
29.425644,3.12974
29.425644,3.12974
29.425644,3.12974
29.425644,3.12974
29.425644,3.12974
-34.08333,-45.77393
29.425644,3.12974
29.425644,3.12974
-44.646824,-10.846062
29.425644,3.12974
29.425644,3.12974
29.425644,3.12974
29.425644,3.12974
-10.8465,-64.709045
29.425644,3.12974
29.425644,3.12974
29.425644,3.12974
29.425644,3.12974
29.425644,3.12974
29.425644,3.12974
29.425644,3.12974
29.425644,3.12974
29.425644,3.12974
29.425644,3.12974
29.425644,3.12974
29.425644,3.12974
-10.000339,15.615317
29.425644,3.12974
29.425644,3.12974
29.425644,3.12974
29.425644,3.12974
29.425644,3.12974
29.425644,3.12974
-0.2557981,17.204752
29.425644,3.12974
29.425644,3.12974
29.425644,3.12974
29.425644,3.12974
29.425644,3.12974
29.425644,3.12974
-49.661102,-6.513421
29.425644,3.12974
29.425644,3.12974
29.425644,3.12974
29.425644,3.12974
29.425644,3.12974
29.425644,3.12974
-29.75227,-53.092403
29.425644,3.12974
29.425644,3.12974
29.425644,3.12974
29.425644,3.12974
29.425644,3.12974
29.425644,3.12974
-20.069935,-62.427998
29.425644,3.12974
29.425644,3.12974
29.425644,3.12974
29.425644,3.12974
-57.894886,0.21408221
29.425644,3.12974
29.425644,3.12974
-48.014095,-7.7426376
29.425644,3.12974
29.425644,3.12974
-7.6227994,-39.115677
29.425644,3.12974
29.425644,3.12974
29.425644,3.12974
29.425644,3.12974
29.425644,3.12974
-6.4169974,7.686795
29.425644,3.12974
29.425644,3.12974
29.425644,3.12974
29.425644,3.12974
29.425644,3.12974
29.425644,3.12974
29.425644,3.12974
29.425644,3.12974
-21.681623,24.060102
-35.144703,-43.467964
29.425644,3.12974
29.425644,3.12974
29.425644,3.12974
29.425644,3.12974
29.425644,3.12974
29.425644,3.12974
29.425644,3.12974
29.425644,3.12974
29.425644,3.12974
-7.2689915,-40.217834
29.425644,3.12974
29.425644,3.12974
-61.51158,6.4639516
29.425644,3.12974
-3.9819646,-43.03065
-4.8703117,-42.23884
-36.710056,-39.232235
16.40033,17.907307
-12.081521,19.770285
-6.142676,-37.787888
29.425644,3.12974
29.425644,3.12974
-5.558228,-50.515438
-6.3949375,-35.31029
29.425644,3.12974
29.425644,3.12974
-9.265244,-38.542927
29.425644,3.12974
-5.495286,-39.74237
-6.309457,-42.88756
29.425644,3.12974
29.425644,3.12974
29.425644,3.12974
-4.8366346,-58.020058
29.425644,3.12974
29.425644,3.12974
-26.157698,3.6562374
-28.5509,-54.69411
-55.216194,-2.370323
-3.3541615,-42.50315
18.472792,16.537605
29.425644,3.12974
-22.004902,24.252518
-17.271635,20.431765
-34.892406,-44.03927
29.425644,3.12974
29.425644,3.12974
29.425644,3.12974
-39.136757,-29.514952
29.425644,3.12974
29.425644,3.12974
-33.691566,-46.560898
29.425644,3.12974
29.425644,3.12974
-8.84867,-40.71703
29.425644,3.12974
29.425644,3.12974
29.425644,3.12974
29.425644,3.12974
-51.46399,-5.2379975
-21.681623,24.060102
29.425644,3.12974
29.425644,3.12974
29.425644,3.12974
-46.529705,-8.99151
-10.36685,-64.464905
29.425644,3.12974
-4.816232,-38.77365
-40.29864,-21.783594
-61.038525,5.129004
29.425644,3.12974
-6.8171225,-41.799088
29.425644,3.12974
29.425644,3.12974
29.425644,3.12974
-37.35248,-36.795902
-39.116005,-29.613144
-6.769216,-61.870853
-28.006283,-55.37225
-38.36413,37.2461
29.425644,3.12974
29.425644,3.12974
29.425644,3.12974
29.425644,3.12974
37.067055,-48.410458
-32.450287,-48.875374
29.425644,3.12974
29.425644,3.12974
-5.964397,-42.166206
-4.480338,-38.9986
29.425644,3.12974
29.425644,3.12974
-6.455068,-39.458134
-29.26795,-53.760338
-37.698822,-35.924305
-7.0063386,-62.184208
29.425644,3.12974
29.425644,3.12974
-4.5072556,-40.45718
-5.470183,-41.883324
-2.1420324,8.009261
-7.876805,-62.907337
29.425644,3.12974
29.425644,3.12974
-42.457912,-14.152936
-1.3507657,-38.74398
29.425644,3.12974
29.425644,3.12974
-54.436333,-3.0260615
-14.61115,18.973839
29.425644,3.12974
-58.947483,1.5294846
-4.3484235,-54.215427
-44.015015,-11.642026
-55.17147,-2.4120805
29.425644,3.12974
29.425644,3.12974
-33.46181,-47.00491
29.425644,3.12974
-6.687724,-61.757755
-10.115569,-42.23066
-50.7525,-5.739381
-6.8836265,-39.71286
-8.031366,-40.573265
-5.0986004,-58.898216
29.425644,3.12974
-42.791557,-13.527357
-20.507479,23.477757
29.425644,3.12974
-5.4400344,-47.64828
-9.432979,-36.947853
29.425644,3.12974
-37.77105,-35.64953
-35.18682,-43.363327
-9.893126,-40.417503
-10.231096,-38.474854
-44.156815,-11.452394
29.425644,3.12974
-10.349192,-44.10732
-10.989497,-39.40939
-11.494813,19.11733
-42.561962,-13.944185
29.425644,3.12974
29.425644,3.12974
-8.754872,-41.090557
29.425644,3.12974
-8.959493,-44.878235
-9.1125765,-39.851032
-9.093353,-43.779613
-9.998314,-41.176277
-10.113859,-39.59852
29.425644,3.12974
29.425644,3.12974
-10.245228,14.065231
29.425644,3.12974
29.425644,3.12974
-9.96547,-36.061962
29.425644,3.12974
29.425644,3.12974
-10.826948,-40.86531
29.425644,3.12974
12.12664,13.376079
-30.406649,-52.1531
-2.9374328,-44.20391
-6.444783,-61.366455
29.425644,3.12974
29.425644,3.12974
-8.490267,-37.845802
-11.765729,-42.628857
29.425644,3.12974
-49.475204,-6.6447253
-47.77593,-7.9309397
29.425644,3.12974
29.425644,3.12974
-9.3216,-39.296185
-33.789646,-46.36569
29.425644,3.12974
29.425644,3.12974
29.425644,3.12974
29.425644,3.12974
29.425644,3.12974
-17.752556,21.586048
-4.8699064,-51.294968
29.425644,3.12974
29.425644,3.12974
-12.391236,16.244987
29.425644,3.12974
-16.66566,21.625305
29.425644,3.12974
29.425644,3.12974
29.425644,3.12974
29.425644,3.12974
-22.87966,-60.487568
29.425644,3.12974
2.3969529,12.011191
29.425644,3.12974
-37.510105,-36.59533
-7.1286197,-43.660744
-40.75231,-19.342543
-39.12489,-29.570461
29.425644,3.12974
-6.1890683,-38.80346
-8.329046,-37.30809
-9.352799,-40.190983
29.425644,3.12974
-8.074862,-38.21597
-47.338463,-8.289017
-20.79491,-62.013012
-9.298815,-41.244797
-5.3539295,-50.339878
-9.734344,-42.756813
29.425644,3.12974
29.425644,3.12974
-26.836363,-56.749847
-7.5134974,-40.37363
29.425644,3.12974
-7.109336,-36.71816
29.425644,3.12974
21.897852,21.800264
-11.554874,-64.907074
29.425644,3.12974
29.425644,3.12974
-9.748548,-39.05891
-23.87229,-59.66841
29.425644,3.12974
-4.203803,-47.896652
29.425644,3.12974
-5.061811,-49.068905
-43.761723,-11.995033
-21.994614,24.25786
-25.837181,-57.80773
29.425644,3.12974
-5.011656,-58.676304
-36.63289,-39.45738
-44.970623,-10.474965
29.425644,3.12974
-21.35392,-61.6436
29.425644,3.12974
29.425644,3.12974
29.425644,3.12974
29.425644,3.12974
29.425644,3.12974
-7.7928452,-38.316624
-31.521406,-50.42315
-5.049906,-40.14527
-8.331136,14.078323
-59.184696,1.8773967
-7.36283,-44.78044
-54.607685,-2.8873491
-10.691906,20.013702
-6.846595,-40.993565
29.425644,3.12974
-4.1062603,-48.729828
-6.7953877,-61.90525
-2.606385,-39.975536
-4.998919,-37.61399
-54.739002,-2.7778957
-6.273155,-38.97321
29.425644,3.12974
29.425644,3.12974
29.425644,3.12974
29.425644,3.12974
29.425644,3.12974
29.425644,3.12974
29.425644,3.12974
29.425644,3.12974
29.425644,3.12974
-36.601498,-39.548782
-11.07209,-64.78787
-10.592816,-38.316303
-12.623083,-38.746315
29.425644,3.12974
29.425644,3.12974
-8.656705,-40.31541
29.425644,3.12974
-33.07768,-47.726852
-11.112532,-38.957058
-11.530754,-38.60715
29.425644,3.12974
-4.3154335,-39.48995
29.425644,3.12974
29.425644,3.12974
29.425644,3.12974
29.425644,3.12974
29.425644,3.12974
-3.7835376,-50.538315
29.425644,3.12974
-11.113525,-36.484478
-12.440938,-37.93031
29.425644,3.12974
-15.570479,19.834097
29.425644,3.12974
-61.167896,5.4267483
-29.070415,-54.02276
29.425644,3.12974
29.425644,3.12974
29.425644,3.12974
-12.029931,-37.52426
29.425644,3.12974
-36.149963,-40.830326
29.425644,3.12974
-13.0567,-39.48457
-10.978903,-37.609573
-2.587404,-36.353046
29.425644,3.12974
29.425644,3.12974
-38.334724,-33.108814
-14.697287,20.453228
-4.2693224,-51.14272
29.425644,3.12974
-11.983323,-40.051292
-1.6682278,20.094341
0.022974648,-42.5075
29.425644,3.12974
-11.876319,-39.420948
-61.11941,5.3093863
29.425644,3.12974
29.425644,3.12974
-11.13229,-64.8067
29.425644,3.12974
-5.87296,-34.611107
-35.03584,-43.715218
-22.273487,-60.96093
-38.26731,-33.45412
29.425644,3.12974
-26.968466,-56.606136
-27.066805,-56.495937
29.425644,3.12974
29.425644,3.12974
-20.358185,23.362782
-8.241587,-35.625893
-13.296728,-43.67827
-20.565474,23.162586
29.425644,3.12974
29.425644,3.12974
-7.5507197,-47.678707
-51.441917,-5.251812
10.220262,12.449936
29.425644,3.12974
-8.8926,-45.951004
-8.552349,-36.33626
29.425644,3.12974
29.425644,3.12974
29.425644,3.12974
29.425644,3.12974
-3.1005416,-37.991287
-58.386402,0.788697
-25.278172,-58.38609
-53.41352,-3.81926
29.425644,3.12974
-9.538133,-35.30785
-2.4704187,-38.892414
-1.8105015,-37.171394
-1.1854182,-42.831753
29.425644,3.12974
-25.373917,-58.288185
29.425644,3.12974
29.425644,3.12974
-3.6102178,-47.211056
29.425644,3.12974
29.425644,3.12974
-11.5764,-64.911415
29.425644,3.12974
-1.3343796,-44.514084
29.425644,3.12974
-11.090707,-64.793396
29.425644,3.12974
-4.201732,-35.427406
29.425644,3.12974
-0.51419455,-40.344288
29.425644,3.12974
-2.324558,-39.577213
-3.453978,-36.910603
-29.182528,6.183456
-9.434515,18.998186
-21.964785,-61.202988
29.425644,3.12974
29.425644,3.12974
-12.854498,-40.78439
-58.116573,0.46442443
29.425644,3.12974
29.425644,3.12974
29.425644,3.12974
-30.630491,-51.81265
-7.155832,-35.743935
-21.812538,-61.31604
-1.7889844,-40.02635
29.425644,3.12974
-4.252526,-44.504284
-34.44549,-45.0143
29.425644,3.12974
-8.755051,-42.216846
29.425644,3.12974
29.425644,3.12974
29.425644,3.12974
29.425644,3.12974
29.425644,3.12974
-3.5298183,-44.020706
-13.015449,16.785208
-5.1467633,-59.007114
-3.0159416,-40.369892
-39.176804,-29.301056
-3.5515828,-45.43763
29.425644,3.12974
-22.672428,-60.654617
29.425644,3.12974
-1.6142006,-41.482956
29.425644,3.12974
29.425644,3.12974
-28.534466,-54.71462
-2.5095596,-42.345745
29.425644,3.12974
29.425644,3.12974
-2.3268976,-40.572044
-25.109343,-58.556324
29.425644,3.12974
29.425644,3.12974
29.425644,3.12974
29.425644,3.12974
29.425644,3.12974
-26.689016,-56.90808
29.425644,3.12974
-4.603822,-42.285324
29.425644,3.12974
-3.994605,-39.249203
29.425644,3.12974
29.425644,3.12974
-5.7147818,-43.323193
29.425644,3.12974
-36.55051,-39.7029
9.721669,14.979055
-56.832054,-0.9196249
-20.538408,-62.171635
29.425644,3.12974
-2.4896827,-41.246883
29.425644,3.12974
-36.122604,-40.902718
29.425644,3.12974
29.425644,3.12974
-4.0952706,-36.61576
29.425644,3.12974
-3.7517385,-39.336323
29.425644,3.12974
-4.9039154,-58.383247
-2.8609233,-42.96295
-2.6483572,-44.638855
-4.8688025,-44.31175
-5.3746014,-48.618973
-3.1719232,-40.896618
29.425644,3.12974
-7.119482,-38.598194
29.425644,3.12974
29.425644,3.12974
-11.833207,14.38147
-3.2959871,-41.67315
-1.973883,-42.208763
29.425644,3.12974
29.425644,3.12974
-0.73853475,-41.401337
-40.84379,-18.916862
29.425644,3.12974
-2.49142,-43.467228
-12.54867,14.593719
-34.509514,-44.8786
29.425644,3.12974
29.425644,3.12974
29.425644,3.12974
29.425644,3.12974
29.425644,3.12974
-41.450897,-16.74981
29.425644,3.12974
-4.302362,-53.320152
-3.5407653,-40.02964
29.425644,3.12974
-31.012396,-51.224747
-62.27137,9.47958
-4.636687,-36.9379
29.425644,3.12974
11.236715,17.413998
-6.9766216,-62.150547
-38.275005,-33.4176
-62.220394,9.028822
29.425644,3.12974
-20.68282,-62.082962
29.425644,3.12974
-3.7723866,-42.632675
29.425644,3.12974
-5.0123386,-43.602318
-9.34552,-43.244625
-4.9125824,-58.447628
29.425644,3.12974
29.425644,3.12974
-48.203884,-7.592781
-5.9337673,-36.908127
29.425644,3.12974
-38.0726,-34.404064
29.425644,3.12974
-60.77078,4.5872636
-24.83376,-58.82944
-32.4735,-48.830666
29.425644,3.12974
-42.534855,-13.995628
-29.473558,-53.48046
-6.3444552,-41.045895
29.425644,3.12974
29.425644,3.12974
-6.52391,-40.438065
-40.63937,-19.927761
-33.181824,-47.538967
-30.107143,-52.58454
29.425644,3.12974
29.425644,3.12974
-32.338116,-49.07654
-41.739765,-15.905969
-7.7694683,-42.24992
29.425644,3.12974
-11.181722,13.871081
-5.0726447,20.433056
29.425644,3.12974
29.425644,3.12974
-58.524998,0.9583622
-62.1299,8.601201
29.425644,3.12974
-35.254944,-43.18894
29.425644,3.12974
29.425644,3.12974
-5.2959547,-46.330307
29.425644,3.12974
-53.262924,-3.9323308
29.425644,3.12974
29.425644,3.12974
29.425644,3.12974
29.425644,3.12974
29.425644,3.12974
-3.8354855,-49.369686
29.425644,3.12974
-5.191032,-43.117912
29.425644,3.12974
-8.203955,-42.75697
29.425644,3.12974
29.425644,3.12974
29.425644,3.12974
-13.42843,19.326836
-33.519928,-46.894608
-60.673615,4.405332
-5.6239977,-42.697742
-9.847996,-44.44205
-5.2531285,-59.245514
29.425644,3.12974
-8.914789,12.90385
-7.749313,-39.807087
-10.145068,-45.12695
29.425644,3.12974
-55.38758,-2.2231097
29.425644,3.12974
-5.928927,-45.77956
-39.0565,-29.882751
29.425644,3.12974
29.425644,3.12974
-12.240417,-64.96637
-2.583804,-45.289047
-3.3564887,-48.293938
-6.4057474,-44.675594
-10.216476,-45.82658
29.425644,3.12974
-1.954598,-44.29597
-36.855595,-38.757843
-11.033905,-64.774956
29.425644,3.12974
-11.446422,-43.922886
-3.845448,-40.953896
-8.340649,-47.063114
29.425644,3.12974
29.425644,3.12974
-3.9624884,-49.329807
-12.281717,-64.96493
29.425644,3.12974
29.425644,3.12974
29.425644,3.12974
-4.371246,-45.49891
29.425644,3.12974
-7.775286,-46.35497
29.425644,3.12974
-4.302638,-53.307274
29.425644,3.12974
29.425644,3.12974
-6.9773755,-45.261814
-7.996394,-45.20394
29.425644,3.12974
-11.162949,-64.8166
-4.243535,-54.1511
-6.921416,-46.556053
29.425644,3.12974
29.425644,3.12974
29.425644,3.12974
29.425644,3.12974
-5.663305,-47.15597
-9.853659,14.717028
29.425644,3.12974
-39.10487,-29.66379
-20.866661,-61.961323
-8.283298,-45.058968
-20.340965,-62.286503
-6.876101,-45.76779
29.425644,3.12974
-21.217157,23.712164
-24.617786,-59.028847
29.425644,3.12974
29.425644,3.12974
29.425644,3.12974
29.425644,3.12974
-7.809799,-45.81826
-4.5981445,-51.304405
-4.722111,-41.612835
-5.7020783,-43.904335
29.425644,3.12974
29.425644,3.12974
29.425644,3.12974
-5.0806417,-45.391724
29.425644,3.12974
29.425644,3.12974
-8.7922325,-44.21136
-6.431651,-43.566624
-41.79884,-15.746152
-5.5135913,-44.58109
29.425644,3.12974
29.425644,3.12974
-6.458924,-45.674297
29.425644,3.12974
-27.107548,-56.45091
-3.869412,-44.851276
29.425644,3.12974
29.425644,3.12974
-6.9251137,-44.55908
-5.7732706,-45.092762
29.425644,3.12974
-7.416578,-42.91469
-7.0108457,-43.222176
29.425644,3.12974
-7.1453004,-62.331203
-17.695425,21.667967
-7.697339,-43.805946
29.425644,3.12974
-4.5300384,-43.687252
29.425644,3.12974
-5.6001625,-59.9492
-6.8510118,-42.199024
29.425644,3.12974
8.355891,18.07087
29.425644,3.12974
29.425644,3.12974
29.425644,3.12974
29.425644,3.12974
-39.028873,-30.005968
29.425644,3.12974
38.56506,-49.53964
29.425644,3.12974
-11.090855,-64.794586
29.425644,3.12974
29.425644,3.12974
-5.426742,-59.631016
-11.25477,-64.84229
-40.99984,-18.289892
29.425644,3.12974
-4.615529,-40.298737
-7.3898487,-41.887997
-38.91109,-30.522997
29.425644,3.12974
-8.222876,-42.084206
-56.735207,-1.0132339
-36.59729,-39.5628
-40.1153,-22.876705
-7.4061284,-41.18377
-6.9107246,-44.06369
-4.3212256,-54.418156
-8.205274,-43.564133
29.425644,3.12974
-4.0209494,-50.822006
-6.330596,-42.495396
29.425644,3.12974
-36.664986,-39.366936
29.425644,3.12974
-4.5739317,-48.68549
-6.1825266,-41.433693
-34.57798,-44.730083
29.425644,3.12974
29.425644,3.12974
-6.2234726,-43.951794
29.425644,3.12974
-5.6303515,-41.31395
29.425644,3.12974
-5.74967,-36.54394
-29.801512,-53.023182
-37.84657,-35.362743
29.425644,3.12974
-6.989013,-62.166206
-18.28503,22.14813
29.425644,3.12974
14.675616,14.264436
29.425644,3.12974
29.425644,3.12974
-48.353214,-7.479675
-7.031997,-62.21097
29.425644,3.12974
-4.3097115,-39.92866
29.425644,3.12974
-51.220924,-5.40956
-5.5849013,-41.09917
-61.15248,5.4039416
-40.241653,-22.105406
29.425644,3.12974
-4.5993724,-37.91158
29.425644,3.12974
29.425644,3.12974
29.425644,3.12974
-9.14618,13.887795
-24.232754,-59.36254
-3.1760707,-38.534145
-7.6670766,-41.135303
29.425644,3.12974
29.425644,3.12974
-5.228611,-39.632023
-1.2969785,-38.605385
-34.17447,-45.58353
-43.510372,-12.371484
29.425644,3.12974
29.425644,3.12974
-3.6552963,-37.730293
29.425644,3.12974
-38.521767,-32.268585
29.425644,3.12974
-33.757694,-46.430298
29.425644,3.12974
-32.157135,-49.387444
29.425644,3.12974
29.425644,3.12974
-6.245687,-39.96011
-22.441282,24.375978
-4.5309157,-47.56889
-32.006794,-49.63812
29.425644,3.12974
-6.1072736,-38.291363
29.425644,3.12974
29.425644,3.12974
-4.3830957,-51.75357
29.425644,3.12974
29.425644,3.12974
29.425644,3.12974
-5.2346663,-38.05571
-4.6910477,-38.161716
-5.194895,-36.60461
29.425644,3.12974
-42.524017,-14.017584
-5.840191,-60.345875
29.425644,3.12974
-44.22317,-11.365485
5.3030777,7.647605
-7.1665287,-37.992836
-5.253645,-35.77598
-4.526657,-52.59562
-41.51488,-16.551743
29.425644,3.12974
-3.9028575,-49.07293
-38.01198,-34.673252
-26.760416,-56.832344
-12.167085,16.052708
29.425644,3.12974
29.425644,3.12974
29.425644,3.12974
29.425644,3.12974
-10.038863,-40.053074
29.425644,3.12974
29.425644,3.12974
29.425644,3.12974
29.425644,3.12974
-8.474572,-39.3895
-11.379232,-40.279236
29.425644,3.12974
29.425644,3.12974
-10.630607,-41.89661
29.425644,3.12974
-59.542397,2.4217892
29.425644,3.12974
-25.047916,-58.619255
-4.360371,-54.00996
29.425644,3.12974
29.425644,3.12974
29.425644,3.12974
-1.4049027,-40.648632
29.425644,3.12974
-19.914654,22.807196
29.425644,3.12974
29.425644,3.12974
29.425644,3.12974
-6.577876,-36.312386
29.425644,3.12974
-49.1291,-6.8986077
29.425644,3.12974
-6.7568827,-37.265984
29.425644,3.12974
29.425644,3.12974
-9.007863,-38.06625
29.425644,3.12974
-4.4189076,-49.24041
-13.14472,20.793432
-38.979385,-30.228994
-34.865944,-44.097725
-14.237091,20.113012
29.425644,3.12974
-7.895467,-36.651497
-40.886745,-18.730692
-20.584234,23.903208
29.425644,3.12974
29.425644,3.12974
-6.606743,-37.22513
29.425644,3.12974
29.425644,3.12974
-4.2736287,-51.757133
29.425644,3.12974
29.425644,3.12974
-9.089193,-37.137638
29.425644,3.12974
29.425644,3.12974
29.425644,3.12974
-30.341267,-52.245342
29.425644,3.12974
-5.618816,-37.695614
29.425644,3.12974
29.425644,3.12974
-27.274233,-56.25854
29.425644,3.12974
-37.618538,-36.21486
11.411439,3.7424085
29.425644,3.12974
29.425644,3.12974
29.425644,3.12974
-7.179017,-62.36153
-4.4074173,-54.85444
-28.155119,-55.18867
-8.048285,15.443316
29.425644,3.12974
29.425644,3.12974
-34.893543,-44.036694
29.425644,3.12974
-32.733444,-48.362373
-24.979916,-58.687042
29.425644,3.12974
-10.745436,-64.66435
-40.204994,-22.319113
29.425644,3.12974
-3.9722228,-54.615227
29.425644,3.12974
29.425644,3.12974
-7.8384933,16.412786
-13.924078,-40.88434
-7.7698174,-34.72794
29.425644,3.12974
29.425644,3.12974
29.425644,3.12974
29.425644,3.12974
46.02728,-40.174072
29.425644,3.12974
-9.716519,-47.56646
29.425644,3.12974
29.425644,3.12974
29.425644,3.12974
-5.085124,-58.94903
-10.717156,-46.73555
29.425644,3.12974
29.425644,3.12974
-2.379025,-37.891094
-11.783999,-46.335823
29.425644,3.12974
-24.855978,-58.80878
-5.094909,-58.884205
-12.528831,-41.878937
-24.703865,-58.95169
-36.51812,-39.791073
29.425644,3.12974
-37.375576,-37.05686
-19.944359,23.53102
29.425644,3.12974
-13.359044,-42.295486
-56.369953,-1.3494639
-12.345798,-43.235226
29.425644,3.12974
-38.08265,-34.356953
-10.886733,-42.603992
-5.2471566,-40.673183
-22.370018,24.362215
-30.66289,-51.762817
-3.779698,-38.53941
29.425644,3.12974
-4.2204823,-49.650005
-43.666916,-12.136703
-39.07845,-29.790226
29.425644,3.12974
29.425644,3.12974
-44.335087,-11.2195
-2.2233593,-42.963963
29.425644,3.12974
29.425644,3.12974
-3.8024142,-43.4759
-10.118001,-43.577965
-29.535046,-53.395866
-5.805745,-48.56631
-11.74649,-43.30568
29.425644,3.12974
-45.9433,-9.523791
-10.760867,-43.190315
-1.0873827,-43.55322
29.425644,3.12974
-12.382627,-44.22938
-12.692214,-45.054466
-11.430497,-45.57068
-11.225242,-44.73551
29.425644,3.12974
29.425644,3.12974
29.425644,3.12974
29.425644,3.12974
-59.38623,2.1812823
29.425644,3.12974
-15.990539,20.956514
29.425644,3.12974
-40.738197,-19.414824
-4.936256,-58.396347
-21.264809,-61.706562
-4.950654,-39.292793
-24.664597,-58.987003
29.425644,3.12974
29.425644,3.12974
29.425644,3.12974
-19.48414,-62.672894
-38.261723,-33.482655
-2.9101512,-39.40853
29.425644,3.12974
29.425644,3.12974
29.425644,3.12974
-12.203192,-64.96804
29.425644,3.12974
29.425644,3.12974
29.425644,3.12974
29.425644,3.12974
29.425644,3.12974
-56.94396,-0.80180913
-38.04008,-34.54602
29.425644,3.12974
-6.766309,-38.350582
29.425644,3.12974
29.425644,3.12974
29.425644,3.12974
-62.248405,9.327121
29.425644,3.12974
29.425644,3.12974
7.9060907,12.70578
29.425644,3.12974
29.425644,3.12974
29.425644,3.12974
-17.630634,21.89655
-3.4654508,-40.219204
-5.4352736,-38.71004
29.425644,3.12974
29.425644,3.12974
-5.799842,-40.46246
10.556055,5.82102
29.425644,3.12974
-10.514907,13.328278
29.425644,3.12974
-11.263088,15.401167
29.425644,3.12974
-37.89391,-35.172348
29.425644,3.12974
29.425644,3.12974
-7.006931,-39.19302
-59.784378,2.8157718
-8.527815,-38.56136
-37.871746,-35.261147
29.425644,3.12974
29.425644,3.12974
-8.632638,-39.443184
-4.3192763,-53.746246
29.425644,3.12974
29.425644,3.12974
-9.933984,-37.55216
-7.818374,-37.555862
29.425644,3.12974
-22.228107,24.310324
19.024609,21.355492
-2.874557,-38.818832
29.425644,3.12974
-3.7945068,-41.655903
-7.9640446,-38.809757
29.425644,3.12974
29.425644,3.12974
-7.8927345,-42.9363
-9.083173,-41.79279
29.425644,3.12974
-10.733159,-37.148808
-41.607143,-16.276922
-7.4828763,-37.09647
-61.101322,5.2715592
29.425644,3.12974
-7.942177,-44.37284
-12.1924925,-41.028214
-1.1614934,-42.113174
-10.806052,-40.08501
-31.25252,-50.847935
-8.931715,-46.853256
29.425644,3.12974
29.425644,3.12974
29.425644,3.12974
29.425644,3.12974
29.425644,3.12974
-18.318819,-13.306228
29.425644,3.12974
29.425644,3.12974
29.425644,3.12974
29.425644,3.12974
29.425644,3.12974
29.425644,3.12974
29.425644,3.12974
29.425644,3.12974
29.425644,3.12974
29.425644,3.12974
29.425644,3.12974
29.425644,3.12974
29.425644,3.12974
29.425644,3.12974
29.425644,3.12974
-19.518719,0.4978457
29.425644,3.12974
29.425644,3.12974
29.425644,3.12974
29.425644,3.12974
29.425644,3.12974
29.425644,3.12974
29.425644,3.12974
29.425644,3.12974
29.425644,3.12974
29.425644,3.12974
29.425644,3.12974
29.425644,3.12974
29.425644,3.12974
29.425644,3.12974
29.425644,3.12974
29.425644,3.12974
29.425644,3.12974
29.425644,3.12974
29.425644,3.12974
29.425644,3.12974
29.425644,3.12974
29.425644,3.12974
29.425644,3.12974
29.425644,3.12974
29.425644,3.12974
29.425644,3.12974
29.425644,3.12974
29.425644,3.12974
29.425644,3.12974
29.425644,3.12974
29.425644,3.12974
29.425644,3.12974
29.425644,3.12974
29.425644,3.12974
29.425644,3.12974
29.425644,3.12974
-34.36548,41.566177
29.425644,3.12974
29.425644,3.12974
-61.805626,7.3909817
29.425644,3.12974
29.425644,3.12974
29.425644,3.12974
29.425644,3.12974
29.425644,3.12974
29.425644,3.12974
29.425644,3.12974
29.425644,3.12974
29.425644,3.12974
-16.891075,-12.488394
29.425644,3.12974
29.425644,3.12974
29.425644,3.12974
29.425644,3.12974
29.425644,3.12974
3.6349504,-3.769355
29.425644,3.12974
29.425644,3.12974
29.425644,3.12974
29.425644,3.12974
29.425644,3.12974
29.425644,3.12974
29.425644,3.12974
29.425644,3.12974
29.425644,3.12974
29.425644,3.12974
29.425644,3.12974
29.425644,3.12974
29.425644,3.12974
29.425644,3.12974
29.425644,3.12974
29.425644,3.12974
29.425644,3.12974
29.425644,3.12974
29.425644,3.12974
29.425644,3.12974
29.425644,3.12974
29.425644,3.12974
29.425644,3.12974
-40.503006,34.196655
29.425644,3.12974
29.425644,3.12974
29.425644,3.12974
29.425644,3.12974
29.425644,3.12974
29.425644,3.12974
29.425644,3.12974
29.425644,3.12974
29.425644,3.12974
29.425644,3.12974
29.425644,3.12974
29.425644,3.12974
29.425644,3.12974
29.425644,3.12974
29.425644,3.12974
29.425644,3.12974
29.425644,3.12974
29.425644,3.12974
29.425644,3.12974
29.425644,3.12974
29.425644,3.12974
29.425644,3.12974
29.425644,3.12974
29.425644,3.12974
29.425644,3.12974
29.425644,3.12974
29.425644,3.12974
-15.692827,21.247316
29.425644,3.12974
29.425644,3.12974
29.425644,3.12974
29.425644,3.12974
29.425644,3.12974
-21.715008,6.8147373
29.425644,3.12974
29.425644,3.12974
-36.73365,11.549569
29.425644,3.12974
29.425644,3.12974
29.425644,3.12974
29.425644,3.12974
29.425644,3.12974
29.425644,3.12974
29.425644,3.12974
29.425644,3.12974
29.425644,3.12974
-54.472748,-2.9986367
29.425644,3.12974
29.425644,3.12974
29.425644,3.12974
29.425644,3.12974
-19.040644,2.4823284
29.425644,3.12974
29.425644,3.12974
29.425644,3.12974
29.425644,3.12974
29.425644,3.12974
29.425644,3.12974
29.425644,3.12974
29.425644,3.12974
29.425644,3.12974
29.425644,3.12974
29.425644,3.12974
29.425644,3.12974
12.828614,21.783955
29.425644,3.12974
29.425644,3.12974
29.425644,3.12974
29.425644,3.12974
29.425644,3.12974
29.425644,3.12974
29.425644,3.12974
29.425644,3.12974
29.425644,3.12974
29.425644,3.12974
29.425644,3.12974
29.425644,3.12974
29.425644,3.12974
29.425644,3.12974
29.425644,3.12974
29.425644,3.12974
29.425644,3.12974
29.425644,3.12974
29.425644,3.12974
29.425644,3.12974
29.425644,3.12974
29.425644,3.12974
29.425644,3.12974
29.425644,3.12974
29.425644,3.12974
29.425644,3.12974
29.425644,3.12974
29.425644,3.12974
29.425644,3.12974
29.425644,3.12974
29.425644,3.12974
29.425644,3.12974
29.425644,3.12974
29.425644,3.12974
29.425644,3.12974
-16.20961,-11.271906
29.425644,3.12974
29.425644,3.12974
29.425644,3.12974
29.425644,3.12974
29.425644,3.12974
29.425644,3.12974
29.425644,3.12974
29.425644,3.12974
29.425644,3.12974
29.425644,3.12974
29.425644,3.12974
29.425644,3.12974
29.425644,3.12974
29.425644,3.12974
29.425644,3.12974
29.425644,3.12974
29.425644,3.12974
29.425644,3.12974
29.425644,3.12974
29.425644,3.12974
-22.573496,5.1007724
29.425644,3.12974
-17.57414,-12.902735
29.425644,3.12974
-28.6141,6.093994
29.425644,3.12974
29.425644,3.12974
29.425644,3.12974
29.425644,3.12974
29.425644,3.12974
29.425644,3.12974
29.425644,3.12974
29.425644,3.12974
29.425644,3.12974
29.425644,3.12974
29.425644,3.12974
-7.197145,9.017786
29.425644,3.12974
29.425644,3.12974
29.425644,3.12974
29.425644,3.12974
29.425644,3.12974
-10.388646,17.046354
29.425644,3.12974
29.425644,3.12974
29.425644,3.12974
29.425644,3.12974
29.425644,3.12974
29.425644,3.12974
29.425644,3.12974
29.425644,3.12974
29.425644,3.12974
29.425644,3.12974
29.425644,3.12974
29.425644,3.12974
29.425644,3.12974
29.425644,3.12974
-19.370888,1.8564023
29.425644,3.12974
29.425644,3.12974
29.425644,3.12974
-19.666317,-14.027283
29.425644,3.12974
29.425644,3.12974
29.425644,3.12974
29.425644,3.12974
29.425644,3.12974
29.425644,3.12974
29.425644,3.12974
29.425644,3.12974
29.425644,3.12974
29.425644,3.12974
29.425644,3.12974
29.425644,3.12974
29.425644,3.12974
29.425644,3.12974
29.425644,3.12974
29.425644,3.12974
29.425644,3.12974
29.425644,3.12974
29.425644,3.12974
29.425644,3.12974
29.425644,3.12974
29.425644,3.12974
-10.437513,19.140604
29.425644,3.12974
29.425644,3.12974
29.425644,3.12974
29.425644,3.12974
29.425644,3.12974
29.425644,3.12974
29.425644,3.12974
29.425644,3.12974
29.425644,3.12974
29.425644,3.12974
29.425644,3.12974
29.425644,3.12974
29.425644,3.12974
29.425644,3.12974
29.425644,3.12974
29.425644,3.12974
29.425644,3.12974
29.425644,3.12974
29.425644,3.12974
29.425644,3.12974
29.425644,3.12974
29.425644,3.12974
29.425644,3.12974
29.425644,3.12974
29.425644,3.12974
29.425644,3.12974
29.425644,3.12974
-20.5514,5.005563
29.425644,3.12974
29.425644,3.12974
29.425644,3.12974
29.425644,3.12974
29.425644,3.12974
29.425644,3.12974
29.425644,3.12974
29.425644,3.12974
29.425644,3.12974
-16.213148,-10.422362
29.425644,3.12974
29.425644,3.12974
29.425644,3.12974
29.425644,3.12974
29.425644,3.12974
29.425644,3.12974
29.425644,3.12974
29.425644,3.12974
29.425644,3.12974
29.425644,3.12974
29.425644,3.12974
29.425644,3.12974
29.425644,3.12974
29.425644,3.12974
29.425644,3.12974
29.425644,3.12974
29.425644,3.12974
29.425644,3.12974
29.425644,3.12974
29.425644,3.12974
29.425644,3.12974
29.425644,3.12974
29.425644,3.12974
29.425644,3.12974
29.425644,3.12974
29.425644,3.12974
29.425644,3.12974
29.425644,3.12974
29.425644,3.12974
29.425644,3.12974
29.425644,3.12974
29.425644,3.12974
29.425644,3.12974
29.425644,3.12974
29.425644,3.12974
29.425644,3.12974
29.425644,3.12974
29.425644,3.12974
29.425644,3.12974
29.425644,3.12974
29.425644,3.12974
29.425644,3.12974
29.425644,3.12974
29.425644,3.12974
29.425644,3.12974
29.425644,3.12974
29.425644,3.12974
29.425644,3.12974
29.425644,3.12974
29.425644,3.12974
29.425644,3.12974
29.425644,3.12974
29.425644,3.12974
29.425644,3.12974
29.425644,3.12974
29.425644,3.12974
29.425644,3.12974
29.425644,3.12974
29.425644,3.12974
29.425644,3.12974
29.425644,3.12974
29.425644,3.12974
-18.416428,-13.357783
29.425644,3.12974
29.425644,3.12974
29.425644,3.12974
29.425644,3.12974
29.425644,3.12974
29.425644,3.12974
29.425644,3.12974
29.425644,3.12974
29.425644,3.12974
29.425644,3.12974
29.425644,3.12974
29.425644,3.12974
29.425644,3.12974
29.425644,3.12974
29.425644,3.12974
29.425644,3.12974
29.425644,3.12974
29.425644,3.12974
29.425644,3.12974
29.425644,3.12974
29.425644,3.12974
29.425644,3.12974
29.425644,3.12974
29.425644,3.12974
29.425644,3.12974
29.425644,3.12974
29.425644,3.12974
29.425644,3.12974
29.425644,3.12974
29.425644,3.12974
29.425644,3.12974
29.425644,3.12974
29.425644,3.12974
29.425644,3.12974
-23.371489,4.8451905
29.425644,3.12974
29.425644,3.12974
29.425644,3.12974
29.425644,3.12974
29.425644,3.12974
29.425644,3.12974
29.425644,3.12974
29.425644,3.12974
29.425644,3.12974
29.425644,3.12974
-15.206479,-12.257078
29.425644,3.12974
29.425644,3.12974
29.425644,3.12974
29.425644,3.12974
29.425644,3.12974
29.425644,3.12974
29.425644,3.12974
29.425644,3.12974
29.425644,3.12974
29.425644,3.12974
29.425644,3.12974
29.425644,3.12974
29.425644,3.12974
29.425644,3.12974
29.425644,3.12974
29.425644,3.12974
29.425644,3.12974
29.425644,3.12974
29.425644,3.12974
29.425644,3.12974
29.425644,3.12974
29.425644,3.12974
29.425644,3.12974
29.425644,3.12974
29.425644,3.12974
29.425644,3.12974
29.425644,3.12974
29.425644,3.12974
29.425644,3.12974
29.425644,3.12974
29.425644,3.12974
29.425644,3.12974
29.425644,3.12974
29.425644,3.12974
29.425644,3.12974
29.425644,3.12974
29.425644,3.12974
29.425644,3.12974
29.425644,3.12974
29.425644,3.12974
29.425644,3.12974
29.425644,3.12974
29.425644,3.12974
29.425644,3.12974
29.425644,3.12974
29.425644,3.12974
29.425644,3.12974
29.425644,3.12974
29.425644,3.12974
29.425644,3.12974
29.425644,3.12974
29.425644,3.12974
29.425644,3.12974
29.425644,3.12974
29.425644,3.12974
29.425644,3.12974
29.425644,3.12974
29.425644,3.12974
29.425644,3.12974
29.425644,3.12974
29.425644,3.12974
29.425644,3.12974
29.425644,3.12974
29.425644,3.12974
29.425644,3.12974
29.425644,3.12974
29.425644,3.12974
29.425644,3.12974
29.425644,3.12974
29.425644,3.12974
29.425644,3.12974
29.425644,3.12974
29.425644,3.12974
29.425644,3.12974
29.425644,3.12974
29.425644,3.12974
29.425644,3.12974
29.425644,3.12974
29.425644,3.12974
-21.440926,23.87218
29.425644,3.12974
29.425644,3.12974
29.425644,3.12974
29.425644,3.12974
29.425644,3.12974
29.425644,3.12974
29.425644,3.12974
29.425644,3.12974
29.425644,3.12974
29.425644,3.12974
29.425644,3.12974
29.425644,3.12974
29.425644,3.12974
29.425644,3.12974
29.425644,3.12974
29.425644,3.12974
29.425644,3.12974
29.425644,3.12974
29.425644,3.12974
29.425644,3.12974
29.425644,3.12974
29.425644,3.12974
29.425644,3.12974
29.425644,3.12974
29.425644,3.12974
29.425644,3.12974
29.425644,3.12974
-39.304478,35.991352
29.425644,3.12974
29.425644,3.12974
29.425644,3.12974
29.425644,3.12974
29.425644,3.12974
29.425644,3.12974
29.425644,3.12974
29.425644,3.12974
29.425644,3.12974
29.425644,3.12974
29.425644,3.12974
29.425644,3.12974
29.425644,3.12974
29.425644,3.12974
29.425644,3.12974
29.425644,3.12974
29.425644,3.12974
29.425644,3.12974
29.425644,3.12974
29.425644,3.12974
29.425644,3.12974
29.425644,3.12974
29.425644,3.12974
29.425644,3.12974
29.425644,3.12974
29.425644,3.12974
29.425644,3.12974
29.425644,3.12974
29.425644,3.12974
29.425644,3.12974
29.425644,3.12974
29.425644,3.12974
29.425644,3.12974
29.425644,3.12974
29.425644,3.12974
29.425644,3.12974
29.425644,3.12974
29.425644,3.12974
29.425644,3.12974
29.425644,3.12974
29.425644,3.12974
29.425644,3.12974
29.425644,3.12974
29.425644,3.12974
29.425644,3.12974
-19.655828,1.640029
29.425644,3.12974
29.425644,3.12974
29.425644,3.12974
29.425644,3.12974
29.425644,3.12974
29.425644,3.12974
29.425644,3.12974
29.425644,3.12974
29.425644,3.12974
29.425644,3.12974
29.425644,3.12974
29.425644,3.12974
29.425644,3.12974
29.425644,3.12974
29.425644,3.12974
29.425644,3.12974
29.425644,3.12974
-8.048285,15.443316
29.425644,3.12974
29.425644,3.12974
29.425644,3.12974
29.425644,3.12974
-5.2952027,9.030307
29.425644,3.12974
29.425644,3.12974
29.425644,3.12974
29.425644,3.12974
29.425644,3.12974
29.425644,3.12974
29.425644,3.12974
-19.119308,5.9720716
29.425644,3.12974
29.425644,3.12974
29.425644,3.12974
29.425644,3.12974
29.425644,3.12974
29.425644,3.12974
29.425644,3.12974
29.425644,3.12974
29.425644,3.12974
29.425644,3.12974
29.425644,3.12974
29.425644,3.12974
29.425644,3.12974
29.425644,3.12974
29.425644,3.12974
29.425644,3.12974
-38.810474,36.663136
29.425644,3.12974
29.425644,3.12974
29.425644,3.12974
29.425644,3.12974
29.425644,3.12974
29.425644,3.12974
29.425644,3.12974
29.425644,3.12974
29.425644,3.12974
3.6349504,-3.769355
29.425644,3.12974
29.425644,3.12974
29.425644,3.12974
29.425644,3.12974
29.425644,3.12974
29.425644,3.12974
29.425644,3.12974
29.425644,3.12974
29.425644,3.12974
29.425644,3.12974
29.425644,3.12974
29.425644,3.12974
29.425644,3.12974
29.425644,3.12974
29.425644,3.12974
29.425644,3.12974
29.425644,3.12974
29.425644,3.12974
29.425644,3.12974
29.425644,3.12974
29.425644,3.12974
29.425644,3.12974
29.425644,3.12974
29.425644,3.12974
29.425644,3.12974
29.425644,3.12974
29.425644,3.12974
-24.657764,3.3807995
29.425644,3.12974
29.425644,3.12974
29.425644,3.12974
29.425644,3.12974
29.425644,3.12974
29.425644,3.12974
29.425644,3.12974
29.425644,3.12974
-19.487385,22.935009
29.425644,3.12974
29.425644,3.12974
29.425644,3.12974
29.425644,3.12974
29.425644,3.12974
29.425644,3.12974
29.425644,3.12974
29.425644,3.12974
29.425644,3.12974
29.425644,3.12974
29.425644,3.12974
29.425644,3.12974
29.425644,3.12974
29.425644,3.12974
29.425644,3.12974
29.425644,3.12974
29.425644,3.12974
29.425644,3.12974
29.425644,3.12974
29.425644,3.12974
29.425644,3.12974
29.425644,3.12974
29.425644,3.12974
29.425644,3.12974
29.425644,3.12974
29.425644,3.12974
29.425644,3.12974
29.425644,3.12974
29.425644,3.12974
29.425644,3.12974
29.425644,3.12974
-9.066207,15.372812
29.425644,3.12974
29.425644,3.12974
-19.948725,3.2651634
29.425644,3.12974
29.425644,3.12974
29.425644,3.12974
6.128202,2.7110324
29.425644,3.12974
29.425644,3.12974
29.425644,3.12974
29.425644,3.12974
-61.949932,7.914032
29.425644,3.12974
29.425644,3.12974
29.425644,3.12974
29.425644,3.12974
29.425644,3.12974
29.425644,3.12974
27.960217,4.639961
27.734076,4.3963437
27.922207,4.624602
27.878391,4.5652895
27.787556,1.7934812
27.306917,3.4780254
27.637249,4.2748184
27.504232,4.052921
27.644388,4.2803717
27.382444,3.6782756
27.556824,4.1306915
27.580393,4.155755
27.381317,3.747166
-23.824959,4.051868
27.423164,3.8181858
27.419937,3.8341863
-0.4213667,7.5599914
-3.608891,9.034157
-6.130882,10.33651
-7.9871435,10.433594
-10.056881,10.387851
-13.190747,9.467563
-11.383957,4.714191
-8.769608,3.0057287
-10.960833,2.8728707
-5.2074156,1.1853356
-9.346453,1.0035844
-14.125837,1.2340411
-13.098903,0.4978386
-26.702654,5.2532306
-13.270206,-1.4902892
27.483637,2.2919574
14.442971,3.2370381
27.49331,2.238242
27.849997,4.528137
-15.359585,-11.003553
27.470104,2.2952313
27.321703,3.511317
27.66848,4.3186946
27.318508,3.433103
27.35509,3.5831053
27.388857,3.7396727
27.31783,3.430415
27.345419,3.4789653
27.660744,4.28964
27.460957,3.9240773
27.539698,4.0330877
27.298117,3.099874
27.328045,3.4459915
27.291166,3.09399
27.366453,2.6075819
27.305126,3.030985
-18.957396,-13.646734
27.322794,3.086396
27.43692,2.401323
27.43303,2.4066505
27.292196,2.985768
27.352358,2.6764028
27.298162,3.0356367
27.341234,2.6855767
27.396338,2.5151734
27.389044,2.5004878
27.329727,2.7344854
27.324064,2.9167802
-3.3202617,6.6532736
27.298859,3.1814754
-5.502294,7.003517
-7.6770787,7.4579625
-8.98151,9.088936
-13.217102,6.0692253
-10.664377,6.8076835
-14.235418,7.284174
-14.555317,5.2668705
-13.078118,2.695069
-13.348002,4.413082
-15.007063,-0.33756974
-13.078118,2.695069
-11.558465,0.39678198
-15.007063,-0.33756974
-16.55327,-1.6370431
-7.0125523,-1.0855075
-0.23861034,-1.3672667
-9.873617,-2.0472
6.4349074,-1.9903713
8.77697,0.025468748
4.1868753,-0.5493606
8.77697,0.025468748
11.96366,-1.6219088
8.77697,0.025468748
11.96366,-1.6219088
9.415785,-3.9113786
12.86115,5.6478844
9.415785,-3.9113786
29.425644,3.12974
29.425644,3.12974
29.425644,3.12974
29.425644,3.12974
29.425644,3.12974
29.425644,3.12974
29.425644,3.12974
29.425644,3.12974
29.425644,3.12974
29.425644,3.12974
-19.416582,3.6699464
29.425644,3.12974
29.425644,3.12974
29.425644,3.12974
29.425644,3.12974
29.425644,3.12974
29.425644,3.12974
29.425644,3.12974
29.425644,3.12974
29.425644,3.12974
29.425644,3.12974
29.425644,3.12974
29.425644,3.12974
45.64382,-7.440641
45.64382,-7.440641
45.64382,-7.440641
29.425644,3.12974
29.425644,3.12974
29.425644,3.12974
29.425644,3.12974
29.425644,3.12974
29.425644,3.12974
29.425644,3.12974
29.425644,3.12974
29.425644,3.12974
29.425644,3.12974
29.425644,3.12974
29.425644,3.12974
29.425644,3.12974
29.425644,3.12974
29.425644,3.12974
29.425644,3.12974
29.425644,3.12974
29.425644,3.12974
29.425644,3.12974
29.425644,3.12974
29.425644,3.12974
29.425644,3.12974
29.425644,3.12974
29.425644,3.12974
29.425644,3.12974
29.425644,3.12974
29.425644,3.12974
-34.230343,8.868266
-38.69513,36.81676
29.425644,3.12974
29.425644,3.12974
29.425644,3.12974
29.425644,3.12974
29.425644,3.12974
29.425644,3.12974
29.425644,3.12974
29.425644,3.12974
29.425644,3.12974
29.425644,3.12974
29.425644,3.12974
29.425644,3.12974
29.425644,3.12974
29.425644,3.12974
29.425644,3.12974
29.425644,3.12974
29.425644,3.12974
29.425644,3.12974
29.425644,3.12974
29.425644,3.12974
29.425644,3.12974
29.425644,3.12974
29.425644,3.12974
29.425644,3.12974
29.425644,3.12974
29.425644,3.12974
29.425644,3.12974
29.425644,3.12974
29.425644,3.12974
29.425644,3.12974
29.425644,3.12974
29.425644,3.12974
29.425644,3.12974
21.897852,21.800264
29.425644,3.12974
29.425644,3.12974
29.425644,3.12974
29.425644,3.12974
29.425644,3.12974
29.425644,3.12974
29.425644,3.12974
29.425644,3.12974
29.425644,3.12974
29.425644,3.12974
29.425644,3.12974
29.425644,3.12974
29.425644,3.12974
29.425644,3.12974
29.425644,3.12974
29.425644,3.12974
29.425644,3.12974
29.425644,3.12974
29.425644,3.12974
29.425644,3.12974
29.425644,3.12974
29.425644,3.12974
-21.994614,24.25786
29.425644,3.12974
29.425644,3.12974
-16.174679,-11.097869
29.425644,3.12974
29.425644,3.12974
29.425644,3.12974
29.425644,3.12974
29.425644,3.12974
29.425644,3.12974
29.425644,3.12974
29.425644,3.12974
29.425644,3.12974
29.425644,3.12974
29.425644,3.12974
29.425644,3.12974
29.425644,3.12974
29.425644,3.12974
-19.063564,22.313852
12.850575,-5.2348123
29.425644,3.12974
29.425644,3.12974
29.425644,3.12974
29.425644,3.12974
29.425644,3.12974
29.425644,3.12974
-26.845352,-18.865065
29.425644,3.12974
29.425644,3.12974
29.425644,3.12974
29.425644,3.12974
29.425644,3.12974
29.425644,3.12974
29.425644,3.12974
29.425644,3.12974
29.425644,3.12974
29.425644,3.12974
29.425644,3.12974
29.425644,3.12974
29.425644,3.12974
29.425644,3.12974
29.425644,3.12974
29.425644,3.12974
29.425644,3.12974
29.425644,3.12974
29.425644,3.12974
29.425644,3.12974
29.425644,3.12974
29.425644,3.12974
29.425644,3.12974
29.425644,3.12974
29.425644,3.12974
29.425644,3.12974
29.425644,3.12974
29.425644,3.12974
29.425644,3.12974
29.425644,3.12974
29.425644,3.12974
29.425644,3.12974
29.425644,3.12974
29.425644,3.12974
29.425644,3.12974
40.492386,-47.823547
29.425644,3.12974
-27.955156,5.4158206
29.425644,3.12974
17.5949,-38.332882
40.380913,-47.927647
29.425644,3.12974
29.425644,3.12974
38.27713,-49.778534
-4.2155743,7.6738887
47.52942,-31.134962
51.64965,-30.102669
-28.272745,46.072376
29.425644,3.12974
29.425644,3.12974
-33.625366,42.223522
-29.074356,45.6141
42.983776,-44.878166
29.425644,3.12974
29.425644,3.12974
-40.949993,33.444324
-21.922815,3.4579265
38.748055,-49.384537
46.72185,-31.59555
-23.080925,4.7236333
-40.209267,16.415184
42.882587,-45.01225
29.425644,3.12974
-18.725851,0.96648777
29.425644,3.12974
29.425644,3.12974
-28.504356,4.8984704
29.425644,3.12974
29.425644,3.12974
-15.927299,2.3732057
29.425644,3.12974
-27.223341,46.620857
-36.437374,11.192038
29.425644,3.12974
-39.854332,15.838836
-16.742334,2.0077455
-41.966274,19.803576
47.309956,-30.577332
17.70896,-53.361015
29.425644,3.12974
29.425644,3.12974
-43.12405,26.89076
-40.763683,34.265305
47.172493,-30.348804
29.425644,3.12974
-17.040459,1.2631342
29.425644,3.12974
29.425644,3.12974
42.994644,-44.866814
29.425644,3.12974
29.425644,3.12974
-43.050537,27.484932
29.425644,3.12974
29.425644,3.12974
29.425644,3.12974
46.21918,-39.80651
-43.167355,25.427359
33.879997,-54.884876
29.425644,3.12974
-27.014948,46.712063
-42.82423,28.680616
43.188156,-44.60277
-36.122967,8.479852
-35.339626,40.662365
29.425644,3.12974
30.18444,-58.025322
45.493946,-41.133373
3.87798,4.5756526
-42.293262,30.509796
48.377922,-33.616333
-42.104897,30.992853
50.20398,-30.649513
29.425644,3.12974
-36.0875,39.931587
-16.249594,1.6427916
26.791636,-59.70722
29.425644,3.12974
29.425644,3.12974
48.057976,-32.45552
47.137924,-37.955055
29.425644,3.12974
-42.016758,19.916548
-34.516785,9.101904
29.425644,3.12974
50.682358,-33.42937
29.425644,3.12974
29.425644,3.12974
49.92061,-32.881783
27.194727,-59.57891
29.425644,3.12974
17.247507,-49.957157
30.821495,-57.609505
-29.757898,45.17546
44.89508,-42.102844
-30.460278,44.692
-8.892461,14.687675
-16.884583,3.6090667
29.425644,3.12974
48.403942,-34.494316
29.425644,3.12974
35.560337,-53.042137
-15.407417,6.567143
29.425644,3.12974
29.425644,3.12974
29.425644,3.12974
-20.63804,0.93428016
29.425644,3.12974
-27.460995,4.9231553
17.272627,-50.421818
51.000736,-33.33312
17.594566,-38.04712
17.311365,-46.400257
29.425644,3.12974
29.425644,3.12974
18.97609,-56.63544
-42.665733,29.334911
-24.914938,4.169751
17.260586,-50.233624
29.425644,3.12974
-36.375282,11.115928
29.425644,3.12974
29.425644,3.12974
-38.392166,37.212914
47.314247,-35.45695
29.425644,3.12974
29.425644,3.12974
-23.902262,4.06052
37.49217,-50.61994
29.425644,3.12974
29.425644,3.12974
-8.927528,7.4588957
29.425644,3.12974
29.425644,3.12974
-28.535202,5.2621536
29.425644,3.12974
29.425644,3.12974
29.425644,3.12974
48.370705,-33.02799
29.425644,3.12974
49.01476,-33.36747
29.425644,3.12974
29.425644,3.12974
29.425644,3.12974
29.425644,3.12974
29.425644,3.12974
-16.96603,2.5253153
-39.85739,35.185543
29.425644,3.12974
29.425644,3.12974
29.425644,3.12974
-29.936098,6.3987417
42.467396,-45.527153
-33.61374,42.23186
29.425644,3.12974
17.325817,-46.031822
29.425644,3.12974
-42.51456,21.493908
-42.135094,20.223629
29.425644,3.12974
30.743006,-57.667423
17.564096,-41.130608
29.425644,3.12974
-42.797195,28.803474
-42.32017,30.436733
-41.08044,33.201317
29.425644,3.12974
-21.087183,5.601073
-33.98226,41.912415
17.512112,-42.489017
29.425644,3.12974
-34.396824,9.006467
29.425644,3.12974
29.425644,3.12974
29.425644,3.12974
26.665142,-59.739563
40.165787,-48.127052
49.667038,-32.958485
48.530624,-31.524048
29.425644,3.12974
51.00466,-31.870749
29.425644,3.12974
26.290802,-59.819374
29.425644,3.12974
-33.286087,42.504814
29.425644,3.12974
29.425644,3.12974
46.20331,-39.83297
29.425644,3.12974
1.7871758,6.8450723
-27.900446,4.6194983
51.36992,-30.724632
-42.151527,20.278019
29.425644,3.12974
-25.674662,5.6049037
29.425644,3.12974
-28.504356,4.8984704
29.425644,3.12974
17.595106,-38.669167
29.425644,3.12974
-13.153078,17.874435
33.812965,-54.954742
50.05522,-33.508152
29.425644,3.12974
29.425644,3.12974
29.425644,3.12974
29.425644,3.12974
33.562412,-55.202175
26.568947,-59.76609
-43.165253,26.309076
-34.61232,9.188801
29.425644,3.12974
29.425644,3.12974
29.425644,3.12974
-37.611164,-32.158054
48.217827,-35.4462
-36.44785,11.204476
17.381136,-44.909435
-39.02191,36.37866
29.425644,3.12974
-24.173878,3.8770964
-40.74514,33.805782
29.425644,3.12974
27.348785,-59.518097
15.990976,22.54699
26.526806,-59.777607
35.984707,-52.539383
29.425644,3.12974
29.425644,3.12974
29.425644,3.12974
-35.718857,40.294643
29.425644,3.12974
-39.28079,14.959614
29.425644,3.12974
51.11464,-30.665613
30.52395,-57.823315
29.425644,3.12974
50.612892,-29.85812
17.584637,-40.06754
-19.83539,6.874765
29.425644,3.12974
49.64367,-31.868248
29.425644,3.12974
29.425644,3.12974
29.425644,3.12974
48.92861,-32.78503
29.425644,3.12974
35.503574,-53.1078
-15.843571,3.1025908
29.425644,3.12974
29.425644,3.12974
-32.122463,7.4234605
-42.91113,23.06893
29.425644,3.12974
29.425644,3.12974
51.071213,-32.133194
-29.038427,6.1002736
29.425644,3.12974
50.353767,-32.270195
49.43133,-33.2487
-20.27078,-62.323303
17.68036,-53.23913
-31.628775,43.826706
-29.852423,45.114647
43.557957,-44.073376
29.425644,3.12974
-39.854336,15.83884
-27.543385,46.46213
-43.122322,24.354944
47.01007,-38.18258
-29.984531,45.02422
-43.13677,26.767138
29.425644,3.12974
29.425644,3.12974
-16.292618,4.1954956
29.425644,3.12974
29.425644,3.12974
49.425705,-29.775747
43.365993,-44.35267
-23.905056,5.497829
3.2856357,9.099834
27.667732,-59.38234
29.425644,3.12974
-29.124823,45.583263
-40.087963,34.844307
30.870735,-57.579597
30.493414,-57.84186
29.425644,3.12974
-35.639713,8.546495
29.425644,3.12974
17.581501,-52.732185
-34.887253,9.490846
17.40161,-44.519302
29.425644,3.12974
-42.171997,20.347403
29.425644,3.12974
29.425644,3.12974
29.425644,3.12974
-37.20585,38.691612
29.425644,3.12974
-29.244818,45.51048
29.425644,3.12974
51.541435,-31.510344
47.691372,-36.908615
-42.06995,31.077723
29.425644,3.12974
-29.181248,5.4753337
29.425644,3.12974
-39.47197,35.750416
50.049393,-36.391285
52.215084,-31.101677
33.839188,-54.925278
-15.843571,3.1025908
47.760784,-35.50303
17.556408,-41.42987
-14.578587,2.4681475
29.425644,3.12974
29.425644,3.12974
17.313265,-46.346874
29.425644,3.12974
-26.268555,5.4698076
-23.53021,5.98115
29.425644,3.12974
33.573547,-55.191048
-39.38267,35.879158
-18.96612,1.5567776
29.425644,3.12974
29.425644,3.12974
29.425644,3.12974
29.425644,3.12974
40.83138,-47.491673
-20.715324,6.4962115
29.425644,3.12974
46.52831,-30.849558
19.047913,-56.748917
29.425644,3.12974
15.990976,22.54699
29.425644,3.12974
-42.333683,30.399117
29.425644,3.12974
43.41916,-44.277946
29.425644,3.12974
-43.15916,26.45731
29.425644,3.12974
26.645634,-59.74698
29.425644,3.12974
29.425644,3.12974
-27.223772,46.62066
-31.232277,44.1342
47.741127,-36.897034
29.425644,3.12974
-16.487656,21.610073
43.41674,-44.281498
51.00149,-34.027943
-39.140873,36.216476
51.813015,-33.459095
17.569492,-52.659946
25.561476,-59.824085
29.425644,3.12974
29.425644,3.12974
29.425644,3.12974
29.425644,3.12974
29.425644,3.12974
43.649788,-43.935013
50.46616,-34.344856
-31.187662,6.8956027
29.425644,3.12974
-29.137985,45.575623
29.425644,3.12974
44.789158,-42.26193
-3.8510978,10.625459
29.425644,3.12974
-49.732395,-6.461894
29.425644,3.12974
-30.717466,6.122792
29.425644,3.12974
-20.31163,1.8905916
-36.719555,39.276596
29.425644,3.12974
17.240866,-49.677124
-46.85604,-8.6887
-27.512226,46.478893
43.04969,-44.798183
29.425644,3.12974
19.092112,-56.804333
-33.741047,42.122375
40.7366,-47.591335
29.425644,3.12974
-17.234947,0.35411018
29.425644,3.12974
18.09781,-54.58693
-42.509556,29.87496
47.480137,-33.05695
29.425644,3.12974
29.425644,3.12974
29.425644,3.12974
29.425644,3.12974
-27.35722,4.831487
-28.947948,5.3869157
47.686077,-31.934906
29.425644,3.12974
29.425644,3.12974
49.165985,-32.53236
29.425644,3.12974
29.425644,3.12974
29.425644,3.12974
29.425644,3.12974
-28.449076,5.9789605
-34.08349,8.704305
29.425644,3.12974
17.335884,-45.820316
45.23849,-41.554737
29.425644,3.12974
-25.118725,4.5947175
-42.03674,19.964285
29.425644,3.12974
48.362804,-32.442104
29.425644,3.12974
48.41624,-35.56055
-34.081696,41.82432
29.425644,3.12974
6.0727396,5.5329294
29.425644,3.12974
36.772255,-51.568043
17.592224,-38.03965
36.93509,-51.358307
29.425644,3.12974
29.425644,3.12974
29.425644,3.12974
49.786263,-32.613506
29.425644,3.12974
29.425644,3.12974
-40.67646,33.913105
30.85237,-57.592113
29.425644,3.12974
29.425644,3.12974
29.425644,3.12974
48.16108,-31.813473
29.425644,3.12974
29.425644,3.12974
-36.775013,39.215042
29.425644,3.12974
29.425644,3.12974
-38.118565,37.558884
-40.497086,16.92948
29.425644,3.12974
29.425644,3.12974
29.425644,3.12974
29.425644,3.12974
29.425644,3.12974
29.425644,3.12974
29.425644,3.12974
47.145935,-32.30911
47.765118,-31.6393
48.572178,-32.95422
43.13127,-44.68686
29.425644,3.12974
-39.181053,36.16335
-0.5531048,2.5196762
47.074955,-31.870173
-42.19547,20.413795
-15.777803,5.1022134
28.02289,-59.207783
29.425644,3.12974
29.425644,3.12974
-43.14072,24.607471
-29.989853,45.02038
29.425644,3.12974
29.425644,3.12974
-57.595078,-0.8773535
29.425644,3.12974
37.970463,-50.066185
29.425644,3.12974
48.52878,-30.383848
29.425644,3.12974
48.076946,-34.71867
-39.636982,15.499308
29.425644,3.12974
17.563253,-41.16712
17.325552,-46.03742
18.964886,-56.614376
34.004448,-54.749077
-40.604603,34.034763
29.425644,3.12974
48.699757,-29.63792
29.425644,3.12974
50.87218,-29.674583
29.425644,3.12974
29.425644,3.12974
29.425644,3.12974
-40.280766,16.538414
29.425644,3.12974
-35.733658,10.40611
49.94523,-29.464443
-11.181722,13.871081
29.425644,3.12974
29.425644,3.12974
50.649483,-30.219275
47.00397,-35.184856
49.69828,-31.36744
29.425644,3.12974
29.425644,3.12974
-43.09364,24.072157
-33.413914,8.2387085
47.678646,-36.730965
49.90176,-30.718258
45.943806,-40.32608
29.425644,3.12974
-28.917643,45.707794
26.09631,-59.834507
-42.379448,30.268185
17.375555,-51.366447
29.425644,3.12974
48.039936,-30.918667
29.425644,3.12974
49.210567,-32.379047
-41.667393,32.00837
49.07907,-37.33153
-38.384583,-32.873947
29.425644,3.12974
29.425644,3.12974
-41.280727,32.816776
29.425644,3.12974
40.712112,-47.614845
-31.23869,44.129383
17.360518,-45.31543
-39.63285,35.519703
33.815857,-54.952793
30.108519,-58.066154
29.425644,3.12974
29.425644,3.12974
29.425644,3.12974
47.45289,-33.414112
17.618025,-52.93331
40.940792,-47.376125
-41.325428,32.72878
29.425644,3.12974
29.425644,3.12974
44.90851,-42.080032
29.425644,3.12974
26.142595,-59.8354
35.67962,-52.90669
-34.53045,41.416187
-26.18566,5.0265937
-42.119926,20.19278
-22.626753,3.5376437
-27.417292,46.526005
17.311092,-46.408474
17.238943,-49.21105
29.425644,3.12974
29.425644,3.12974
17.590149,-39.619564
17.322178,-50.94301
-30.850664,44.412693
-27.953173,46.2459
49.21078,-31.505497
29.425644,3.12974
29.425644,3.12974
29.425644,3.12974
29.425644,3.12974
50.034035,-31.334433
36.27911,-52.17982
29.425644,3.12974
-8.328677,5.839771
47.135002,-37.786034
17.595291,-38.6161
-31.88023,7.2320175
29.425644,3.12974
-19.440905,2.2422714
-43.124912,24.37829
-33.969463,41.924206
29.425644,3.12974
33.885456,-54.879303
29.425644,3.12974
29.425644,3.12974
29.425644,3.12974
29.425644,3.12974
50.18481,-32.667152
-41.646046,32.05388
49.413338,-31.931068
29.425644,3.12974
29.425644,3.12974
50.797287,-31.433205
-34.07714,8.706987
49.418327,-33.687798
17.284187,-50.566467
50.351418,-31.091915
29.425644,3.12974
-34.1813,8.767762
29.425644,3.12974
-42.815544,22.658035
29.425644,3.12974
49.961754,-32.262997
-19.877262,2.2681475
-40.369446,16.695166
-36.92474,39.039783
17.731031,-53.453472
29.425644,3.12974
29.425644,3.12974
29.425644,3.12974
29.425644,3.12974
29.425644,3.12974
30.651255,-57.734657
34.39202,-54.336117
-48.492554,-7.3737984
29.425644,3.12974
17.922323,-54.092136
36.782547,-51.553974
-41.080162,33.201866
-35.416237,40.59085
29.425644,3.12974
-43.121094,24.321112
29.425644,3.12974
-42.92784,28.199879
50.007072,-31.685036
17.532389,-42.07958
-22.201258,5.916703
29.425644,3.12974
17.383018,-51.424477
42.859985,-45.040295
-43.17174,26.133018
29.425644,3.12974
18.557589,-55.73366
29.425644,3.12974
48.883167,-30.857641
29.425644,3.12974
17.398483,-44.582745
29.425644,3.12974
41.008995,-47.2953
44.49622,-42.69105
49.41534,-30.821985
-36.484253,11.2407875
29.425644,3.12974
48.49991,-31.0594
29.425644,3.12974
29.425644,3.12974
29.425644,3.12974
0.7445885,9.406983
17.56333,-41.16415
-32.407562,7.514127
-25.361235,5.322425
45.637573,-40.88565
-19.943995,5.433066
-29.086843,45.606876
29.425644,3.12974
29.425644,3.12974
17.594433,-38.228416
29.425644,3.12974
-29.442844,45.384136
29.425644,3.12974
29.425644,3.12974
-18.34313,0.047509387
-40.748425,33.80032
47.754112,-29.87845
47.36075,-32.722942
29.425644,3.12974
29.425644,3.12974
38.225838,-49.82412
33.25551,-55.495808
-37.40228,38.452774
17.760376,-53.56248
29.425644,3.12974
29.425644,3.12974
17.54599,-41.750294
29.425644,3.12974
29.425644,3.12974
48.091484,-29.890219
48.445305,-29.324324
35.08532,-53.573
29.425644,3.12974
29.425644,3.12974
45.621582,-40.913536
37.342216,-48.939796
29.425644,3.12974
-41.51866,32.32628
29.425644,3.12974
-43.13454,24.499022
40.590164,-47.731915
29.425644,3.12974
18.912344,-56.51078
29.425644,3.12974
29.425644,3.12974
17.53877,-41.93517
-34.61232,9.188801
29.425644,3.12974
26.788244,-59.70816
29.425644,3.12974
29.425644,3.12974
29.425644,3.12974
29.425644,3.12974
-32.6027,7.532612
29.425644,3.12974
-17.64823,2.064465
29.425644,3.12974
29.425644,3.12974
29.425644,3.12974
49.07592,-29.154448
29.425644,3.12974
29.425644,3.12974
-10.385399,8.339083
29.425644,3.12974
-31.074093,6.8161397
-25.917425,5.3124
17.343025,-45.673077
-17.348057,4.2301583
37.788784,-50.267033
29.425644,3.12974
46.926826,-38.345264
18.14239,-54.70111
29.425644,3.12974
29.425644,3.12974
29.425644,3.12974
29.425644,3.12974
17.263205,-50.27312
29.425644,3.12974
48.075397,-30.354164
-4.1582923,15.9594
25.561142,-59.824013
18.875837,-56.43738
29.425644,3.12974
29.425644,3.12974
29.425644,3.12974
45.656017,-40.843994
29.425644,3.12974
29.425644,3.12974
-33.75279,8.555677
29.425644,3.12974
29.425644,3.12974
29.425644,3.12974
49.07224,-31.8577
49.69526,-30.630747
29.425644,3.12974
17.332142,-45.896816
-36.581535,39.426632
29.425644,3.12974
-24.204374,5.0416574
-18.222878,4.5080957
29.425644,3.12974
48.59831,-31.76963
-33.467724,42.35554
29.425644,3.12974
-29.837868,45.124676
32.95943,-55.771133
17.242327,-49.766037
29.425644,3.12974
32.5256,-56.155636
-42.051216,20.00321
17.415207,-44.26892
29.425644,3.12974
29.425644,3.12974
-37.04441,39.72734
-40.284523,16.544569
-37.359566,38.504166
-32.712807,7.7728786
-41.954185,19.772425
50.693195,-31.09226
29.425644,3.12974
-22.967382,5.5050116
49.673157,-29.452852
29.425644,3.12974
29.425644,3.12974
29.425644,3.12974
29.425644,3.12974
47.365505,-37.593468
-33.196056,42.576443
46.794476,-38.666412
49.164818,-30.15936
29.425644,3.12974
29.425644,3.12974
29.425644,3.12974
1.7871758,6.8450723
-34.99526,-43.802574
29.425644,3.12974
40.713978,-47.614765
29.425644,3.12974
29.425644,3.12974
-39.63954,15.504589
48.86591,-30.179611
30.750813,-57.661156
29.425644,3.12974
46.27808,-39.69271
-39.20645,14.859632
29.425644,3.12974
-25.411402,3.8248262
18.901854,-56.490467
50.961323,-32.549774
29.425644,3.12974
47.70271,-34.93442
49.125137,-30.828344
29.425644,3.12974
29.425644,3.12974
-26.636839,5.527702
46.37669,-39.496902
17.528791,-42.166195
29.425644,3.12974
29.425644,3.12974
29.425644,3.12974
29.425644,3.12974
50.5616,-32.00189
26.507566,-59.781105
-3.3366945,3.968844
-18.159887,2.3436046
29.425644,3.12974
-21.323116,2.9609532
17.918673,-54.080788
29.425644,3.12974
17.548386,-41.682934
-29.314846,45.462624
-29.713228,6.3108563
-20.310501,2.770894
29.425644,3.12974
-42.685818,29.25764
17.325108,-50.96496
29.425644,3.12974
27.260513,-59.5527
29.425644,3.12974
45.201218,-41.61611
-36.86926,39.107517
29.425644,3.12974
29.425644,3.12974
33.759026,-55.00971
29.425644,3.12974
29.425644,3.12974
29.425644,3.12974
29.425644,3.12974
52.20637,-32.226173
29.425644,3.12974
29.425644,3.12974
29.425644,3.12974
18.832201,-56.35113
30.8992,-57.55462
17.544209,-41.795578
-29.484581,5.1644697
32.675358,-56.020832
-36.667282,39.33357
-29.584793,6.2722
-43.171177,26.181118
-36.247875,10.970748
29.425644,3.12974
29.425644,3.12974
17.323269,-46.089962
18.437988,-55.45271
49.944187,-34.26688
38.4572,-49.62867
29.425644,3.12974
43.152916,-44.65699
29.425644,3.12974
29.425644,3.12974
19.024303,-56.71515
17.594854,-38.30259
29.425644,3.12974
-38.241962,37.402546
-15.418765,1.5470542
29.425644,3.12974
-27.736643,5.1479836
29.425644,3.12974
-18.099123,1.4606216
-42.558666,29.713133
-34.71089,9.253664
29.425644,3.12974
36.261524,-52.204338
-17.145172,5.069803
17.492414,-52.18544
17.58773,-37.898186
45.38414,-41.318344
-43.168198,25.424555
17.588882,-37.927563
29.425644,3.12974
-1.0191877,-38.540974
-1.4949572,5.7568836
-1.4949572,5.7568836
-36.07545,10.776718
-43.03903,27.561794
47.563663,-35.35792
29.425644,3.12974
29.425644,3.12974
41.000492,-47.304485
-18.159887,2.3436046
29.425644,3.12974
29.425644,3.12974
29.425644,3.12974
17.345938,-45.601254
35.771404,-52.798244
-17.90521,3.368802
29.425644,3.12974
29.425644,3.12974
17.377193,-44.98868
-21.946497,4.504488
-28.632559,45.870598
-39.502472,15.291525
17.283268,-50.555927
-38.59049,36.95524
48.537697,-32.148796
17.830593,-53.80991
49.955776,-29.891747
29.425644,3.12974
29.425644,3.12974
-35.42254,40.58413
35.28065,-53.35357
29.425644,3.12974
-34.934795,41.0412
-40.166183,16.343166
50.770054,-32.91989
-41.888374,31.5074
17.591745,-39.466415
11.455369,1.6602792
-43.040813,23.714842
29.425644,3.12974
-43.147842,26.610836
19.014328,-56.699425
51.736134,-32.14325
29.425644,3.12974
35.621777,-52.973343
-17.145172,5.069803
-43.01647,23.570892
37.98348,-50.053303
29.425644,3.12974
-23.079424,4.7131996
17.582424,-40.21134
17.566828,-41.01615
29.425644,3.12974
29.425644,3.12974
-36.93753,39.02519
17.26835,-50.356796
-34.99725,40.983837
17.241468,-49.03265
38.24108,-49.809727
29.425644,3.12974
29.425644,3.12974
27.593527,-59.415195
29.425644,3.12974
29.425644,3.12974
33.5244,-55.235897
29.425644,3.12974
29.425644,3.12974
49.150837,-34.934906
40.83587,-47.488697
29.425644,3.12974
51.421898,-32.717243
29.425644,3.12974
35.53738,-53.06727
29.425644,3.12974
17.594297,-38.206696
-39.484444,15.262167
29.425644,3.12974
29.425644,3.12974
-24.703783,5.142554
29.425644,3.12974
29.425644,3.12974
29.425644,3.12974
-4.8105803,5.4521194
29.425644,3.12974
-42.404922,21.098515
36.936237,-51.35684
42.861107,-45.03654
17.709116,-53.361675
29.425644,3.12974
-22.942966,-60.43281
-42.540794,29.771614
17.292318,-47.04257
29.425644,3.12974
-29.458254,45.374233
-21.631992,2.3666205
31.266464,-57.25739
29.425644,3.12974
-22.567993,3.7086787
-33.38649,42.4232
29.425644,3.12974
-23.149094,5.5351853
-16.905704,3.0809343
46.893764,-36.88764
37.273434,-50.914917
46.948483,-38.350296
-33.11515,8.006799
-43.05174,27.476501
29.425644,3.12974
29.425644,3.12974
29.425644,3.12974
29.425644,3.12974
29.425644,3.12974
-40.046295,16.146353
29.425644,3.12974
29.425644,3.12974
-21.499063,5.131288
26.713356,-59.72928
29.425644,3.12974
29.425644,3.12974
-36.248787,10.972318
41.219646,-47.044144
29.425644,3.12974
-25.628895,4.498167
29.425644,3.12974
-21.294737,4.159919
29.425644,3.12974
17.580616,-40.32214
29.425644,3.12974
-16.732105,20.759932
-40.25126,-22.049026
-27.755308,-55.68235
29.425644,3.12974
29.425644,3.12974
29.425644,3.12974
-1.2932289,12.107538
29.425644,3.12974
-23.62736,-16.42597
29.425644,3.12974
29.425644,3.12974
29.425644,3.12974
29.425644,3.12974
29.425644,3.12974
-57.338604,-21.546116
29.425644,3.12974
29.425644,3.12974
-49.12794,-6.8994393
-58.91003,-22.585442
29.425644,3.12974
29.425644,3.12974
-48.69162,-7.224032
29.425644,3.12974
-42.704197,-13.681786
-22.175358,-14.437609
29.425644,3.12974
29.425644,3.12974
-43.13881,-12.954829
-55.760666,-29.677076
-59.291306,-22.001959
29.425644,3.12974
29.425644,3.12974
29.425644,3.12974
29.425644,3.12974
-58.331112,-22.803074
29.425644,3.12974
-52.491226,-4.4983053
-17.402596,-12.788
29.425644,3.12974
29.425644,3.12974
29.425644,3.12974
29.425644,3.12974
29.425644,3.12974
-58.562225,-21.384054
-57.816586,-22.326519
29.425644,3.12974
-57.74941,-23.338081
29.425644,3.12974
29.425644,3.12974
29.425644,3.12974
29.425644,3.12974
29.425644,3.12974
-58.02152,-21.63745
29.425644,3.12974
29.425644,3.12974
-18.874624,22.563229
-60.59135,4.2494884
7.921002,7.960001
29.425644,3.12974
-18.672531,3.118038
-56.33383,-28.313105
-13.762116,18.562027
29.425644,3.12974
29.425644,3.12974
-51.627945,-5.1188173
-24.462004,-17.11778
29.425644,3.12974
29.425644,3.12974
29.425644,3.12974
29.425644,3.12974
29.425644,3.12974
29.425644,3.12974
29.425644,3.12974
29.425644,3.12974
29.425644,3.12974
29.425644,3.12974
29.425644,3.12974
29.425644,3.12974
29.425644,3.12974
29.425644,3.12974
-27.194975,-19.050514
29.425644,3.12974
29.425644,3.12974
29.425644,3.12974
29.425644,3.12974
29.425644,3.12974
29.425644,3.12974
29.425644,3.12974
29.425644,3.12974
-58.104683,-27.811666
29.425644,3.12974
-58.092094,-22.982992
29.425644,3.12974
29.425644,3.12974
-56.28283,-28.415087
29.425644,3.12974
29.425644,3.12974
-35.35363,-42.919216
29.425644,3.12974
29.425644,3.12974
15.131176,11.68702
29.425644,3.12974
29.425644,3.12974
29.425644,3.12974
29.425644,3.12974
-58.089916,-21.1666
29.425644,3.12974
29.425644,3.12974
29.425644,3.12974
29.425644,3.12974
29.425644,3.12974
-11.652944,-12.440016
-55.996975,-29.095634
-51.39148,-5.29043
29.425644,3.12974
29.425644,3.12974
29.425644,3.12974
29.425644,3.12974
29.425644,3.12974
29.425644,3.12974
-36.429447,11.182102
29.425644,3.12974
29.425644,3.12974
29.425644,3.12974
-55.911278,-29.321102
-31.93597,-49.75279
29.425644,3.12974
-57.88139,-20.51397
29.425644,3.12974
29.425644,3.12974
29.425644,3.12974
-62.184055,8.878123
29.425644,3.12974
-21.909077,-15.272025
29.425644,3.12974
-27.198439,-19.049225
29.425644,3.12974
29.425644,3.12974
-53.022884,-4.109997
29.425644,3.12974
29.425644,3.12974
-22.425545,-15.632101
29.425644,3.12974
-22.635372,-15.654629
-34.749794,8.670934
29.425644,3.12974
29.425644,3.12974
29.425644,3.12974
29.425644,3.12974
-55.880157,-29.402185
29.425644,3.12974
29.425644,3.12974
29.425644,3.12974
29.425644,3.12974
29.425644,3.12974
29.425644,3.12974
29.425644,3.12974
29.425644,3.12974
29.425644,3.12974
29.425644,3.12974
29.425644,3.12974
11.82972,-7.717166
29.425644,3.12974
29.425644,3.12974
29.425644,3.12974
29.425644,3.12974
29.425644,3.12974
29.425644,3.12974
-55.863636,-29.438385
29.425644,3.12974
29.425644,3.12974
29.425644,3.12974
29.425644,3.12974
29.425644,3.12974
29.425644,3.12974
2.3565893,15.237944
29.425644,3.12974
29.425644,3.12974
29.425644,3.12974
29.425644,3.12974
-57.012177,-21.21346
29.425644,3.12974
-56.127617,-21.645834
29.425644,3.12974
-52.940544,-4.1719413
-19.92497,-14.1647215
29.425644,3.12974
-38.394344,-32.846985
29.425644,3.12974
29.425644,3.12974
29.425644,3.12974
-56.527935,-23.005814
-22.046988,-15.371148
29.425644,3.12974
-14.442869,17.255075
-19.504356,2.9018407
29.425644,3.12974
-24.436026,-16.546907
29.425644,3.12974
29.425644,3.12974
29.425644,3.12974
-57.535114,-20.68263
29.425644,3.12974
29.425644,3.12974
-21.60099,-15.08599
13.028995,-9.89618
-62.21851,9.007277
29.425644,3.12974
29.425644,3.12974
-58.149845,-21.655626
29.425644,3.12974
-57.023598,-21.656406
29.425644,3.12974
-55.49192,-30.261412
29.425644,3.12974
-60.986782,5.0151863
29.425644,3.12974
29.425644,3.12974
29.425644,3.12974
29.425644,3.12974
-58.237026,-21.878403
29.425644,3.12974
-38.054306,37.63828
-30.690275,6.5351214
-15.668309,20.56766
29.425644,3.12974
-57.88848,-27.42409
45.640022,-40.88036
29.425644,3.12974
29.425644,3.12974
-19.978312,23.151873
29.425644,3.12974
29.425644,3.12974
29.425644,3.12974
29.425644,3.12974
29.425644,3.12974
29.425644,3.12974
29.425644,3.12974
29.425644,3.12974
29.425644,3.12974
29.425644,3.12974
29.425644,3.12974
-7.1930666,14.532554
29.425644,3.12974
29.425644,3.12974
-43.036976,27.570156
29.425644,3.12974
-60.976818,4.9947605
29.425644,3.12974
29.425644,3.12974
29.425644,3.12974
29.425644,3.12974
29.425644,3.12974
-58.13979,-21.520802
-57.655605,-22.953543
29.425644,3.12974
-12.910276,15.840804
29.425644,3.12974
29.425644,3.12974
29.425644,3.12974
29.425644,3.12974
29.425644,3.12974
29.425644,3.12974
29.425644,3.12974
29.425644,3.12974
29.425644,3.12974
29.425644,3.12974
29.425644,3.12974
29.425644,3.12974
29.425644,3.12974
29.425644,3.12974
29.425644,3.12974
29.425644,3.12974
29.425644,3.12974
29.425644,3.12974
29.425644,3.12974
29.425644,3.12974
-27.739973,-55.69621
-55.831425,-1.8304868
-40.966236,-18.41458
29.425644,3.12974
29.425644,3.12974
29.425644,3.12974
29.425644,3.12974
29.425644,3.12974
29.425644,3.12974
12.755675,7.8328223
29.425644,3.12974
29.425644,3.12974
29.425644,3.12974
29.425644,3.12974
29.425644,3.12974
29.425644,3.12974
29.425644,3.12974
29.425644,3.12974
29.425644,3.12974
29.425644,3.12974
-21.11319,-14.785846
-1.7507117,-49.788948
-40.765152,-19.282864
29.425644,3.12974
-16.915668,21.20813
29.425644,3.12974
29.425644,3.12974
29.425644,3.12974
29.425644,3.12974
29.425644,3.12974
29.425644,3.12974
29.425644,3.12974
29.425644,3.12974
29.425644,3.12974
29.425644,3.12974
29.425644,3.12974
29.425644,3.12974
-57.341167,-22.120073
29.425644,3.12974
-15.967331,-11.109935
29.425644,3.12974
29.425644,3.12974
29.425644,3.12974
29.425644,3.12974
-40.19513,-22.378304
29.425644,3.12974
-1.9298238,-49.65149
6.1556783,19.760532
29.425644,3.12974
29.425644,3.12974
-21.231754,-14.872026
29.425644,3.12974
29.425644,3.12974
29.425644,3.12974
-57.502388,-22.62357
29.425644,3.12974
-57.40824,-25.642397
29.425644,3.12974
29.425644,3.12974
29.425644,3.12974
29.425644,3.12974
29.425644,3.12974
29.425644,3.12974
29.425644,3.12974
29.425644,3.12974
29.425644,3.12974
29.425644,3.12974
29.425644,3.12974
-57.42029,-26.699642
29.425644,3.12974
-58.493523,-23.495155
29.425644,3.12974
-30.90701,-51.390896
29.425644,3.12974
29.425644,3.12974
29.425644,3.12974
29.425644,3.12974
29.425644,3.12974
29.425644,3.12974
-11.035007,16.414782
-57.089767,-23.07769
-15.790431,-10.454955
29.425644,3.12974
-57.35518,-21.929056
29.425644,3.12974
-24.328356,-17.001225
-20.165403,-62.377266
29.425644,3.12974
-62.2769,9.439097
29.425644,3.12974
29.425644,3.12974
-24.741652,-17.334328
29.425644,3.12974
31.351698,-57.18522
29.425644,3.12974
29.425644,3.12974
29.425644,3.12974
29.425644,3.12974
29.425644,3.12974
29.425644,3.12974
29.425644,3.12974
29.425644,3.12974
-37.472034,-36.733025
29.425644,3.12974
29.425644,3.12974
-20.401834,-14.411774
29.425644,3.12974
-22.979652,24.478863
-24.642647,-59.006992
29.425644,3.12974
29.425644,3.12974
29.425644,3.12974
29.425644,3.12974
29.425644,3.12974
29.425644,3.12974
29.425644,3.12974
29.425644,3.12974
29.425644,3.12974
29.425644,3.12974
29.425644,3.12974
29.425644,3.12974
-16.071947,-12.05611
-25.779007,-18.143562
29.425644,3.12974
29.425644,3.12974
29.425644,3.12974
29.425644,3.12974
29.425644,3.12974
29.425644,3.12974
-27.18476,5.677339
29.425644,3.12974
29.425644,3.12974
29.425644,3.12974
-58.24143,-27.907045
29.425644,3.12974
29.425644,3.12974
29.425644,3.12974
29.425644,3.12974
-8.244138,21.393888
29.425644,3.12974
29.425644,3.12974
-26.886044,4.882331
29.425644,3.12974
-32.161842,-49.38006
29.425644,3.12974
29.425644,3.12974
-27.15205,-19.026459
8.275507,5.6713667
29.425644,3.12974
29.425644,3.12974
29.425644,3.12974
29.425644,3.12974
29.425644,3.12974
29.425644,3.12974
29.425644,3.12974
29.425644,3.12974
29.425644,3.12974
-8.821181,-43.07669
29.425644,3.12974
-19.792446,-14.0943575
20.61612,18.76356
29.425644,3.12974
-11.553076,20.24405
17.593245,-39.26664
29.425644,3.12974
29.425644,3.12974
29.425644,3.12974
29.425644,3.12974
29.425644,3.12974
29.425644,3.12974
29.425644,3.12974
29.425644,3.12974
-11.357771,-64.86637
29.425644,3.12974
29.425644,3.12974
29.425644,3.12974
29.425644,3.12974
29.425644,3.12974
29.425644,3.12974
29.425644,3.12974
29.425644,3.12974
-59.252213,-21.745258
29.425644,3.12974
-33.45784,-47.011986
-6.9300838,-62.092564
29.425644,3.12974
29.425644,3.12974
29.425644,3.12974
-47.002815,-8.575025
29.425644,3.12974
29.425644,3.12974
29.425644,3.12974
-19.91626,-14.160048
-40.2252,-22.200989
29.425644,3.12974
29.425644,3.12974
-13.215252,16.41524
29.425644,3.12974
29.425644,3.12974
-57.833622,-20.675909
-32.176006,7.4455276
6.5708075,9.788845
-22.647633,-15.781283
-17.995274,-13.128984
29.425644,3.12974
29.425644,3.12974
-12.288053,-10.273214
29.425644,3.12974
29.425644,3.12974
29.425644,3.12974
29.425644,3.12974
29.425644,3.12974
29.425644,3.12974
29.425644,3.12974
-59.140945,-22.595396
29.425644,3.12974
-55.279408,-30.622591
29.425644,3.12974
-42.472828,-14.118463
29.425644,3.12974
-59.256832,-21.349854
29.425644,3.12974
29.425644,3.12974
-45.00282,-10.441333
29.425644,3.12974
29.425644,3.12974
29.425644,3.12974
29.425644,3.12974
29.425644,3.12974
29.425644,3.12974
29.425644,3.12974
-56.457798,-21.166023
29.425644,3.12974
29.425644,3.12974
29.425644,3.12974
-29.346413,5.1471047
-41.405014,32.567623
29.425644,3.12974
29.425644,3.12974
29.425644,3.12974
29.425644,3.12974
-56.098766,-1.5973816
29.425644,3.12974
-58.696865,-22.662663
-25.36066,5.291767
-42.35647,-14.363975
-60.932228,-31.366472
29.425644,3.12974
29.425644,3.12974
29.425644,3.12974
29.425644,3.12974
29.425644,3.12974
29.425644,3.12974
-21.0745,23.626652
29.425644,3.12974
29.425644,3.12974
29.425644,3.12974
-16.89105,21.10958
29.425644,3.12974
29.425644,3.12974
-4.078843,-52.565025
29.425644,3.12974
29.425644,3.12974
-59.26344,-22.088076
-56.194527,-22.196466
10.423643,7.9057546
-58.426033,0.82955337
-9.380302,16.280125
29.425644,3.12974
29.425644,3.12974
-57.67991,-0.02063329
-59.009876,-21.150654
29.425644,3.12974
29.425644,3.12974
-40.229836,-22.172493
17.824965,-53.789433
-61.859673,7.589061
-58.587124,-22.116749
29.425644,3.12974
29.425644,3.12974
29.425644,3.12974
29.425644,3.12974
29.425644,3.12974
29.425644,3.12974
29.425644,3.12974
5.554552,13.862782
29.425644,3.12974
29.425644,3.12974
29.425644,3.12974
-27.376657,-19.13353
29.425644,3.12974
-26.140762,4.988966
29.425644,3.12974
29.425644,3.12974
29.425644,3.12974
29.425644,3.12974
29.425644,3.12974
29.425644,3.12974
29.425644,3.12974
-9.405026,-42.14904
-58.83838,-20.982618
29.425644,3.12974
29.425644,3.12974
29.425644,3.12974
29.425644,3.12974
29.425644,3.12974
29.425644,3.12974
29.425644,3.12974
29.425644,3.12974
29.425644,3.12974
29.425644,3.12974
29.425644,3.12974
29.425644,3.12974
29.425644,3.12974
29.425644,3.12974
-5.3354483,-51.233513
29.425644,3.12974
-45.46858,-9.972668
29.425644,3.12974
-61.02055,5.0893335
29.425644,3.12974
-38.765102,-31.151543
-22.12448,-14.74821
-58.946503,-20.738289
-29.116774,-53.959362
29.425644,3.12974
-15.173421,-12.247376
29.425644,3.12974
29.425644,3.12974
29.425644,3.12974
29.425644,3.12974
29.425644,3.12974
29.425644,3.12974
29.425644,3.12974
29.425644,3.12974
29.425644,3.12974
29.425644,3.12974
29.425644,3.12974
-14.106573,15.792926
29.425644,3.12974
29.425644,3.12974
29.425644,3.12974
29.425644,3.12974
29.425644,3.12974
29.425644,3.12974
29.425644,3.12974
18.472792,16.537605
29.425644,3.12974
29.425644,3.12974
-44.5583,-10.950738
29.425644,3.12974
29.425644,3.12974
29.425644,3.12974
29.425644,3.12974
1.0272216,4.3238497
-24.050142,-16.637598
29.425644,3.12974
29.425644,3.12974
-12.450764,13.393192
-47.53966,-8.12227
29.425644,3.12974
29.425644,3.12974
29.425644,3.12974
-12.815224,15.411427
29.425644,3.12974
29.425644,3.12974
29.425644,3.12974
-57.83287,0.14460286
-57.006504,-21.930643
29.425644,3.12974
29.425644,3.12974
29.425644,3.12974
29.425644,3.12974
29.425644,3.12974
29.425644,3.12974
29.425644,3.12974
-15.868022,-12.460113
29.425644,3.12974
-22.919193,-15.961431
29.425644,3.12974
29.425644,3.12974
-7.3997526,-62.5558
-16.06085,9.245273
-58.585815,-20.464542
-57.508728,-21.138844
29.425644,3.12974
29.425644,3.12974
-8.244138,21.393888
-57.006874,-27.029627
29.425644,3.12974
-26.076153,-18.462502
-28.625967,4.1933675
29.425644,3.12974
29.425644,3.12974
-22.004902,24.252518
29.425644,3.12974
29.425644,3.12974
-25.269144,-17.74686
29.425644,3.12974
29.425644,3.12974
29.425644,3.12974
29.425644,3.12974
29.425644,3.12974
29.425644,3.12974
-25.3298,-17.794361
29.425644,3.12974
29.425644,3.12974
29.425644,3.12974
-17.807127,-13.023984
29.425644,3.12974
29.425644,3.12974
29.425644,3.12974
29.425644,3.12974
29.425644,3.12974
29.425644,3.12974
-58.446117,-20.689955
29.425644,3.12974
29.425644,3.12974
29.425644,3.12974
-10.797482,15.5841675
29.425644,3.12974
29.425644,3.12974
-34.638798,-44.60198
11.317374,9.832299
29.425644,3.12974
29.425644,3.12974
-40.18546,-22.434893
-55.500893,-30.260183
-8.973185,17.264826
29.425644,3.12974
-54.396923,-3.0601826
29.425644,3.12974
29.425644,3.12974
29.425644,3.12974
29.425644,3.12974
-24.074213,-16.729132
-26.31371,-19.086233
29.425644,3.12974
29.425644,3.12974
29.425644,3.12974
29.425644,3.12974
29.425644,3.12974
29.425644,3.12974
29.425644,3.12974
29.425644,3.12974
29.425644,3.12974
29.425644,3.12974
29.425644,3.12974
29.425644,3.12974
14.557935,19.240614
-57.421276,-25.56622
29.425644,3.12974
29.425644,3.12974
29.425644,3.12974
-58.29249,-20.866148
29.425644,3.12974
-11.914063,15.333734
-2.4189944,-49.490486
29.425644,3.12974
-57.883873,-21.259233
-56.332592,-1.3843586
29.425644,3.12974
29.425644,3.12974
-57.63535,-22.069878
29.425644,3.12974
29.425644,3.12974
29.425644,3.12974
29.425644,3.12974
-7.1637163,-62.34533
-45.266937,-10.170751
-39.18388,-29.253756
29.425644,3.12974
29.425644,3.12974
29.425644,3.12974
29.425644,3.12974
29.425644,3.12974
29.425644,3.12974
29.425644,3.12974
29.425644,3.12974
29.425644,3.12974
-56.477757,-22.596811
29.425644,3.12974
29.425644,3.12974
29.425644,3.12974
29.425644,3.12974
29.425644,3.12974
29.425644,3.12974
29.425644,3.12974
29.425644,3.12974
29.425644,3.12974
29.425644,3.12974
29.425644,3.12974
-51.186325,-5.437556
29.425644,3.12974
-37.89067,-32.209984
-55.381424,-30.46362
-55.88353,-29.392267
29.425644,3.12974
29.425644,3.12974
-58.74041,-21.823755
18.46536,-55.519432
-16.872658,21.169313
-9.380302,16.280125
29.425644,3.12974
29.425644,3.12974
29.425644,3.12974
29.425644,3.12974
-26.369358,-18.562084
-29.249952,-53.785194
29.425644,3.12974
29.425644,3.12974
29.425644,3.12974
-62.234283,9.252587
29.425644,3.12974
29.425644,3.12974
29.425644,3.12974
29.425644,3.12974
29.425644,3.12974
29.425644,3.12974
14.675616,14.264436
29.425644,3.12974
29.425644,3.12974
29.425644,3.12974
-35.580547,-43.06918
-58.607025,-22.961262
17.045713,14.144151
29.425644,3.12974
29.425644,3.12974
29.425644,3.12974
-58.04987,-22.550352
-54.058025,-3.3233957
-18.129206,-13.203994
29.425644,3.12974
-58.085182,0.4290833
29.425644,3.12974
-13.041451,16.537037
29.425644,3.12974
29.425644,3.12974
29.425644,3.12974
-57.399662,-25.71225
29.425644,3.12974
29.425644,3.12974
29.425644,3.12974
29.425644,3.12974
29.425644,3.12974
-22.862148,-15.912551
29.425644,3.12974
29.425644,3.12974
29.425644,3.12974
29.425644,3.12974
29.425644,3.12974
29.425644,3.12974
-12.391636,16.694077
29.425644,3.12974
-58.609997,-21.652765
29.425644,3.12974
29.425644,3.12974
4.8796034,11.263219
-41.86332,19.57688
-35.19999,-43.331326
29.425644,3.12974
-58.476055,-22.134523
29.425644,3.12974
29.425644,3.12974
29.425644,3.12974
-15.062108,-11.404407
-44.98238,-10.461799
29.425644,3.12974
-57.330032,-26.234293
29.425644,3.12974
-27.476204,-19.181433
29.425644,3.12974
-22.541878,-15.712923
-45.413002,-10.02664
29.425644,3.12974
-56.25951,-28.468464
29.425644,3.12974
-35.777317,-41.824924
-59.27073,-21.581623
29.425644,3.12974
29.425644,3.12974
-57.32912,-26.25725
-40.218243,-22.242352
29.425644,3.12974
-55.5114,-30.22746
29.425644,3.12974
29.425644,3.12974
29.425644,3.12974
-51.35791,-5.313902
29.425644,3.12974
29.425644,3.12974
-58.93937,1.5171678
29.425644,3.12974
29.425644,3.12974
-39.286045,14.968366
29.425644,3.12974
29.425644,3.12974
29.425644,3.12974
29.425644,3.12974
29.425644,3.12974
-14.368257,-13.5091915
29.425644,3.12974
29.425644,3.12974
29.425644,3.12974
-19.75289,-14.073159
29.425644,3.12974
-11.035007,16.414782
29.425644,3.12974
29.425644,3.12974
29.425644,3.12974
-37.564785,-36.401722
-41.952316,-15.34241
29.425644,3.12974
29.425644,3.12974
-48.508778,-7.349056
29.425644,3.12974
29.425644,3.12974
29.425644,3.12974
29.425644,3.12974
-21.940775,-61.22041
29.425644,3.12974
29.425644,3.12974
-54.67668,-2.8305638
29.425644,3.12974
29.425644,3.12974
29.425644,3.12974
-36.18588,-40.729366
-13.671471,17.262743
29.425644,3.12974
-15.42874,20.485764
29.425644,3.12974
29.425644,3.12974
29.425644,3.12974
-18.608335,22.896645
-57.532825,-22.490683
29.425644,3.12974
29.425644,3.12974
-27.368303,-19.129505
29.425644,3.12974
12.453065,15.679515
29.425644,3.12974
29.425644,3.12974
29.425644,3.12974
29.425644,3.12974
29.425644,3.12974
29.425644,3.12974
-61.60123,6.7393775
29.425644,3.12974
29.425644,3.12974
29.425644,3.12974
29.425644,3.12974
-27.241453,-19.070423
29.425644,3.12974
29.425644,3.12974
29.425644,3.12974
29.425644,3.12974
29.425644,3.12974
29.425644,3.12974
29.425644,3.12974
29.425644,3.12974
29.425644,3.12974
-17.939905,1.075079
29.425644,3.12974
29.425644,3.12974
-9.853659,14.717028
29.425644,3.12974
-36.74031,-39.135155
29.425644,3.12974
-50.734917,-5.7517486
-55.704895,-29.805386
-17.555218,-12.888845
-18.137884,-13.208609
29.425644,3.12974
-21.25186,-14.822758
29.425644,3.12974
29.425644,3.12974
29.425644,3.12974
29.425644,3.12974
29.425644,3.12974
-23.524174,-16.362234
29.425644,3.12974
29.425644,3.12974
29.425644,3.12974
29.425644,3.12974
29.425644,3.12974
-56.337605,-28.30826
29.425644,3.12974
-14.892508,20.804497
29.425644,3.12974
29.425644,3.12974
29.425644,3.12974
29.425644,3.12974
29.425644,3.12974
-62.138767,8.678627
29.425644,3.12974
29.425644,3.12974
29.425644,3.12974
-57.99425,-19.595646
-56.304913,-20.377407
-13.377965,-12.59087
-55.552746,-30.137993
-60.34036,-22.430532
29.425644,3.12974
-45.25368,-10.183371
-57.38901,-25.80341
29.425644,3.12974
-58.747936,1.2528254
29.425644,3.12974
29.425644,3.12974
29.425644,3.12974
-9.853659,14.717028
29.425644,3.12974
29.425644,3.12974
29.425644,3.12974
-26.200617,-18.44912
29.425644,3.12974
29.425644,3.12974
-59.482895,-20.855873
29.425644,3.12974
29.425644,3.12974
29.425644,3.12974
-22.401562,-15.615435
-57.22749,-20.849815
